trackId,frame,xCenterVis,yCenterVis,recordingId
1,0,656.3182403395032,612.3991844582392,03
1,10,653.3566766876564,610.2952367263118,03
1,20,650.415848049635,607.8831509408311,03
1,30,647.8242994071551,605.1881896977551,03
1,40,645.7081468886091,601.2577890866423,03
1,50,643.2326749532706,596.6898524175391,03
1,60,640.2821349796601,591.7786069119387,03
1,70,637.1390743397112,586.749053716697,03
1,80,634.1441771846265,581.8057870505057,03
1,90,631.5947547411206,577.1214455885994,03
1,100,629.5505842167714,572.9875006329121,03
1,110,627.9258384024546,569.3363009199826,03
1,120,626.4337048126333,566.0482920346549,03
1,130,624.9426867140621,563.1016234718535,03
1,140,623.6423520021233,560.1254271994909,03
1,150,622.4288943734266,557.3094679643467,03
1,160,621.2620905258364,554.6845202014966,03
1,170,620.359920573046,552.1697436038758,03
1,180,619.608473173282,550.1640903362206,03
1,190,618.8961992015358,548.7950544867031,03
1,200,618.5257248722423,547.9796303828899,03
1,210,619.1397043797164,547.2923565385721,03
1,220,619.6245493707097,546.8987849786888,03
1,230,619.705783380569,546.9052154576599,03
1,240,619.2819623226685,547.1608598053266,03
1,250,618.4719188237087,547.4256905515236,03
1,260,617.6109564300392,547.5277251923404,03
1,270,617.7259832630629,546.9807407770039,03
1,280,617.8797242041777,545.6964166453605,03
1,290,617.3789342500214,543.7313147655027,03
1,300,616.3088500555268,541.2332049195006,03
1,310,614.9402735259357,538.187716955368,03
1,320,613.2318002507301,534.7897993733405,03
1,330,611.2165012646184,531.2437839235811,03
1,340,609.2713469929973,527.7653541201504,03
1,350,607.731378513687,524.463303168498,03
1,360,606.3679201204199,521.3082345933275,03
1,370,605.1101709273814,518.1993604793371,03
1,380,603.3355555827588,515.008793035561,03
1,390,601.5370556019581,511.68200442500955,03
1,400,599.6079119106324,508.42299831218406,03
1,410,597.6251590221704,505.2280345205399,03
1,420,595.691881451506,502.086811160297,03
1,430,593.9227123288692,498.9621889345406,03
1,440,592.408596999708,495.80416758841403,03
1,450,591.2761109123411,492.58755014309173,03
1,460,590.0444117208486,489.287074002616,03
1,470,588.3384318966727,485.8901406775739,03
1,480,586.8601435217789,482.4456349315722,03
1,490,586.1494443612094,479.0990299470487,03
1,500,585.2616445604054,475.8269660248839,03
1,510,584.1191190517876,472.683708533538,03
1,520,582.908811045444,469.7123023118375,03
1,530,581.529276454749,466.6846622077064,03
1,540,580.2336005592077,463.472966047311,03
1,550,579.229067879939,460.08338184109294,03
1,560,578.4763081375277,456.61216992222154,03
1,570,577.7482860540155,453.2003415081342,03
1,580,576.5644873691446,450.016532628991,03
1,590,574.8830483524704,446.9858741367713,03
1,600,572.9710307326902,443.9916331530103,03
1,610,570.9203641122375,441.12764217698003,03
1,620,568.733738793539,438.36181443095734,03
1,630,566.1151558925277,435.5631781187556,03
1,640,563.0428961383931,432.83849231472146,03
1,650,560.7975434862341,429.9747638072206,03
1,660,559.6455034934245,426.95184813661916,03
3,0,653.5639612087754,617.9954728256572,03
3,10,650.6879622975235,616.2335872047122,03
3,20,647.7914252238437,613.7777347919488,03
3,30,644.9009905434731,610.8332972116475,03
3,40,642.133259900612,607.5603802667621,03
3,50,639.4718946293034,603.906293400009,03
3,60,636.9136794900613,599.8323881204292,03
3,70,634.3240993615524,595.5095970578155,03
3,80,631.5914738845028,591.1954018395406,03
3,90,628.8336514286277,586.791048681406,03
3,100,626.2729428383562,582.4159607643029,03
3,110,624.3179459968816,577.8858851805703,03
3,120,622.8262717269866,573.5558762333973,03
3,130,621.3626815897411,569.6645834331698,03
3,140,619.9419394399254,566.1342504780439,03
3,150,618.4442283938537,563.0016229621399,03
3,160,617.0972399008084,560.0392062875726,03
3,170,615.9593732085881,557.1937849599996,03
3,180,615.0580562785184,554.7150977851755,03
3,190,614.2117921224971,552.6308351929556,03
3,200,613.3988614697136,551.0058925272416,03
3,210,612.7340943017945,549.8556241970056,03
3,220,612.244262408742,549.0179558853232,03
3,230,612.0369122704906,548.5925600162462,03
3,240,612.3073860900703,548.6525996923539,03
3,250,612.7678215078265,548.6722192149289,03
3,260,613.1468260643264,548.3067317876947,03
3,270,613.2247136004354,547.2008206389327,03
3,280,612.861194687172,545.1377523804643,03
3,290,612.1574509426323,542.3565702254699,03
3,300,611.0972093179915,539.2219085784628,03
3,310,609.8248931215695,535.9748447837263,03
3,320,608.3774447988841,532.8294219270125,03
3,330,606.7339324847129,529.7622803092019,03
3,340,605.0887797422326,526.6928420917585,03
3,350,603.4858188158588,523.6195980806386,03
3,360,601.9271494538265,520.571354196947,03
3,370,600.4790449598174,517.5067060301659,03
3,380,598.9441946168312,514.395010379484,03
3,390,598.0113814632296,511.2452567920346,03
3,400,597.3010760054541,508.1884170640041,03
3,410,595.8405698734292,505.19456978303725,03
3,420,593.6334720094351,502.023949947498,03
3,430,590.8057016904664,498.7031324959912,03
3,440,588.0960422097422,495.3487846898494,03
3,450,586.1252316393692,491.9500140851014,03
3,460,584.6578357084469,488.6025560778571,03
3,470,583.479352011297,485.3129067642204,03
3,480,582.4573651748209,482.0722078313227,03
3,490,581.3473857638527,478.76917262268495,03
3,500,580.1488232242012,475.4563604613259,03
3,510,578.4889066269404,472.1587714746738,03
3,520,577.0098964635907,468.8422847539027,03
3,530,575.7641552057738,465.5532916115895,03
3,540,574.4373111723625,462.3933673686245,03
3,550,572.9047574290086,459.3602154253753,03
3,560,571.1128847785759,456.440515503973,03
3,570,569.0852497715808,453.5334796891159,03
3,580,567.2517758592332,450.5973754846241,03
3,590,565.6713872263905,447.65339722424943,03
3,600,564.3065508733438,444.69281782938816,03
3,610,563.1963089938462,441.78158251806,03
3,620,561.9618538827948,438.9483003599733,03
3,630,560.3394046681104,436.03325925496847,03
5,0,702.2829759391606,593.2790738775694,03
5,10,699.24004704319,594.669172826574,03
5,20,696.2756618546518,596.0948362613166,03
5,30,693.4242037509019,597.6339517179063,03
5,40,690.6015515682572,599.186649920894,03
5,50,687.8338209253961,600.7067364090998,03
5,60,685.1836761837206,602.1514944293585,03
5,70,682.3229004471758,603.5572102558643,03
5,80,679.3590401956966,604.9435690283244,03
5,90,676.3513476998022,606.229730439674,03
5,100,673.186239703381,607.3946970075581,03
5,110,670.2649649708022,608.560516598163,03
5,120,667.5835864741242,609.604485173979,03
5,130,665.2629709711507,610.2376905012338,03
5,140,663.332711788575,610.5077706180194,03
5,150,661.5790283091745,610.3004860969005,03
5,160,659.9153059182372,609.0227892956251,03
5,170,658.3678570858381,607.0252725523825,03
5,180,657.0682441623552,605.1377957401043,03
5,190,656.085102668235,603.2421824034134,03
5,200,655.1826702469152,601.522751067104,03
5,210,654.355303825013,600.2081118203112,03
5,220,653.6564813654002,599.0960982782398,03
5,230,653.2675686219142,598.0550824733799,03
5,240,653.0117930399828,597.2489760023617,03
5,250,652.8289180921009,596.7670837823244,03
5,260,652.6894816858402,596.5876865424576,03
5,270,652.6169091374521,596.5688544254709,03
5,280,652.641974882013,596.5536968678963,03
5,290,652.7628416398164,596.4586176431094,03
5,300,652.902999834533,596.3335513888351,03
5,310,653.0430267949852,596.1939837483095,03
5,320,653.1489984637434,596.0477887774159,03
5,330,653.1757702537454,595.8610424187251,03
5,340,653.0467013543972,595.5256076381107,03
5,350,652.6587072507642,594.8315096120277,03
5,360,651.8630995209232,593.5444951779576,03
5,370,650.6944583936271,591.5601018611866,03
5,380,649.3298845091098,588.8869911231857,03
5,390,647.9080924851763,585.8910440939834,03
5,400,646.4435837080777,582.6931275313832,03
5,410,645.0121459656876,579.533137671286,03
5,420,643.5888447477099,576.4473607878855,03
5,430,642.0032067442785,573.3915053168404,03
5,440,640.0480130514067,570.2878149563063,03
5,450,638.0808770404458,566.9647665222993,03
5,460,636.2663664793496,563.6079908822603,03
5,470,634.6059905621623,560.4510194102514,03
5,480,632.8933177904858,557.429547316562,03
5,490,631.0858282625519,554.4545321525819,03
5,500,629.1392960311514,551.3917212655068,03
5,510,627.1130389839358,548.3381623940942,03
5,520,624.9999704706107,545.2813226660636,03
5,530,622.9189231178763,542.2261233663421,03
5,540,621.2445707514968,539.0616715412444,03
5,550,619.8245503901369,535.5647377064887,03
5,560,618.4415380914271,532.1036964431329,03
5,570,617.1452060245621,528.6084030366861,03
5,580,616.1037308997758,525.1019547177385,03
5,590,615.2664562908874,521.5648631979797,03
5,600,614.3604805444203,518.0557245766054,03
5,610,613.3075880386036,514.5969799128821,03
5,620,612.131007238292,511.2441413007846,03
5,630,611.0309360143098,507.9034418581732,03
5,640,609.8814550896622,504.64397642542116,03
5,650,608.5645848603691,501.46357963716054,03
5,660,607.1254042963608,498.2278019891897,03
5,670,605.5397662929294,495.0534419771061,03
5,680,603.7728937699251,491.97002731047047,03
5,690,601.9858111701545,488.73490583382335,03
5,700,600.1322584153053,485.40962641731613,03
5,710,598.2258838689079,482.1771952430956,03
5,720,596.4995627337008,479.17560514051047,03
5,730,594.8375463882047,476.389829786251,03
5,740,593.1458054817502,473.76061690979765,03
5,750,591.2811634315326,471.16020995444956,03
5,760,589.3555630653542,468.56032793616026,03
5,770,587.3886239057905,466.0668769065556,03
5,780,585.3652540123986,463.576706733569,03
5,790,583.4150472215862,460.9824677886625,03
5,800,581.6521773436556,458.2531231682308,03
5,810,580.1576159199371,455.37778042830263,03
5,820,578.9436989713139,452.38649221549775,03
5,830,577.8628535671127,449.2989436695237,03
5,840,576.6195401431929,446.2620515497301,03
5,850,574.969662967183,443.497076826428,03
5,860,573.4497733303743,440.7477189806272,03
5,870,572.310266209845,437.856628128933,03
5,880,571.3774530562434,434.81816119796275,03
5,890,570.6125541443461,431.6570558466153,03
5,900,569.8164214774463,428.44142265827844,03
5,910,568.9858398160585,425.27729891884263,03
5,920,568.0620162095901,422.28489521478764,03
6,0,707.7297228619346,596.2549420642703,03
6,10,704.8424378039172,597.9633497223434,03
6,20,701.8023960617703,599.5771374755565,03
6,30,698.59640859189,601.0005043106665,03
6,40,695.4211955570858,602.3012327253995,03
6,50,692.3717049478793,603.58575370844,03
6,60,689.5722812300893,604.9618762082522,03
6,70,686.925286110767,606.52152982727,03
6,80,684.2087368311451,608.1643859701176,03
6,90,681.348617265924,609.6199708172154,03
6,100,678.3062133070123,610.9060666114325,03
6,110,675.1311315064726,612.0962301581422,03
6,120,672.0294752770416,613.1751070483728,03
6,130,669.0562973927675,613.9423025599026,03
6,140,666.1396814765861,614.3187480482405,03
6,150,663.3238534757066,614.2530652987501,03
6,160,660.8473316662504,613.5535866678138,03
6,170,658.7441713399113,612.2382912496975,03
6,180,656.7605654287285,610.6273250331757,03
6,190,654.7098988082759,608.882368632379,03
6,200,653.0392866184407,606.7727778270688,03
6,210,651.9236641340898,604.5769661098402,03
6,220,651.567953659577,602.3174401570919,03
6,230,651.4247770767718,600.8243223102853,03
6,240,651.0113891429162,600.5904628505614,03
6,250,650.3750998104406,601.2230120064926,03
6,260,649.9273941163618,601.7469648083713,03
6,270,649.6913692912701,601.9768216230215,03
6,280,649.6056733164104,602.0881082795007,03
6,290,649.6437312531781,602.1020191115605,03
6,300,649.7900574583365,602.0375174704526,03
6,310,650.0628278775488,601.8989997040449,03
6,320,650.3520025798506,601.7430277804298,03
6,330,650.4334334411069,601.621898554097,03
6,340,650.0390088585028,601.525310135266,03
6,350,649.092219255709,601.2468966426709,03
6,360,647.9530402208416,600.0928881358905,03
6,370,646.6093325844141,597.9081657140304,03
6,380,645.0746134756924,594.8591344247504,03
6,390,643.5951439924163,591.4310329618382,03
6,400,642.2324730047375,587.9798998854685,03
6,410,640.9128468558854,584.555210513439,03
6,420,639.7825261338861,581.0233683642688,03
6,430,638.5720212761455,577.5866710570177,03
6,440,637.0671579626468,574.4186759067727,03
6,450,634.8348631198271,572.0073775268804,03
6,460,632.4338010125825,569.4248840486661,03
6,470,630.4265073166185,566.4519686329214,03
6,480,628.554581764709,563.4482787821008,03
6,490,626.5881675422041,560.6191305033527,03
6,500,624.7887489215502,557.6831575331256,03
6,510,623.1489767839234,554.4689679217007,03
6,520,621.4456872621741,551.0747905162175,03
6,530,619.6217934511507,547.6744451002928,03
6,540,617.6414683965858,544.4237067461444,03
6,550,615.5333211681874,541.2989532861233,03
6,560,613.2276663713916,538.4081905200909,03
6,570,610.9105285764329,535.6400661744358,03
6,580,608.9643244306941,532.7815214203912,03
6,590,607.2140530421765,529.8002726288372,03
6,600,605.7504629049309,526.6457946078579,03
6,610,604.7159431961745,523.384885598194,03
6,620,603.8975663214053,519.9993040370498,03
6,630,603.3263691842288,516.5450213383268,03
6,640,602.6624550390304,513.0858829718093,03
6,650,601.8260334528628,509.6459048079403,03
6,660,601.1156623779549,506.18138583656946,03
6,670,600.4689399214343,502.70531824990366,03
6,680,599.7751043638806,499.1339089699216,03
6,690,598.8991812640335,495.58264414957335,03
6,700,597.4968775284103,492.212220146004,03
6,710,595.6736398887105,488.9447494231042,03
6,720,593.5467917775901,485.7947333671254,03
6,730,591.4028175949244,482.71269666026933,03
6,740,589.4440149597729,479.8174719292367,03
6,750,587.3549623168907,477.1996108166813,03
6,760,585.3259493501163,474.6275504625118,03
6,770,583.5870953426288,472.0743878424614,03
6,780,581.9586749688999,469.61046452241794,03
6,790,580.3757272678952,467.14109498038874,03
6,800,578.748159916887,464.6212658635762,03
6,810,577.0999231691859,461.8579315685831,03
6,820,575.4629725682505,458.99643404358244,03
6,830,573.8831088724666,456.23920214189866,03
6,840,572.3895973228658,453.4492272911682,03
6,850,571.0744331390141,450.51692888035313,03
6,860,569.9231149346605,447.55785867953614,03
6,870,568.9270468654657,444.5980010731307,03
6,880,567.9364906353891,441.76878717725026,03
6,890,566.6945551712489,439.15348513285676,03
6,900,565.3109523183479,436.6265693657497,03
6,910,563.9322051332413,434.02904956422526,03
6,920,562.4807541654819,431.5451130188126,03
6,930,561.0004316594851,429.11432635060993,03
6,940,559.5810018523165,426.65939257769946,03
7,0,729.8984054119578,588.7707831817796,03
7,10,732.7131179215872,586.8119149294959,03
7,20,735.6259280440918,584.8969445387595,03
7,30,738.5466122224794,582.9355172183137,03
7,40,741.5959059802889,580.7907556300596,03
7,50,744.6427062870684,578.8112835982154,03
7,60,747.7571578573094,576.9104865080684,03
7,70,751.0177387813116,575.1624461020508,03
7,80,754.4008925085585,573.523592604277,03
7,90,757.950779369127,571.8644634126047,03
7,100,761.6884624625044,570.2602557607158,03
7,110,765.4175497115426,568.6476491158853,03
7,120,769.0349566013077,567.0733628763518,03
7,130,772.4895017685602,565.592318581899,03
7,140,775.9998214983169,564.1359463292129,03
7,150,779.5793673027114,562.651949263804,03
7,160,783.2197401888017,560.9544996668345,03
7,170,786.87146483879,559.2379554843488,03
7,180,790.3975326803126,557.7748902841621,03
7,190,793.8453849000645,556.4294766022934,03
7,200,797.2683682266528,554.9857684561524,03
7,210,800.5042771088883,553.2078066377795,03
7,220,803.4269298012467,551.0169162054777,03
7,230,805.9646723951929,548.5417723558011,03
7,240,808.006218234248,545.9485832850123,03
7,250,809.4120652950182,543.3696331319453,03
7,260,809.9928425335191,540.7488848655661,03
7,270,809.9443514727064,537.9804324342491,03
7,280,809.4190863281806,535.0715593396859,03
7,290,808.6964448495219,532.1725944321088,03
7,300,808.1591717697744,529.4028296581447,03
7,310,807.9928323392468,526.7663988971319,03
7,320,808.3161279503747,524.2502443397315,03
7,330,809.1665259857347,521.8395365140303,03
7,340,810.505115485838,519.5579632048098,03
7,350,812.2432477048696,517.513136509137,03
7,360,814.2664207468642,515.8238234365798,03
7,370,816.3661033651885,514.4850370850793,03
7,380,818.2747745112184,513.437722035513,03
7,390,819.6974195578724,512.5307620320605,03
7,400,820.3633022170416,511.3002439489507,03
7,410,820.576164194411,509.4191319985111,03
7,420,820.468748948741,506.6452333452083,03
7,430,820.0760960287106,502.9295976083033,03
7,440,819.4402003990291,498.8881728092408,03
7,450,818.8435438144976,494.74989712281786,03
7,460,818.1887504506971,490.5942328963201,03
7,470,817.4840224491719,486.5137002863721,03
7,480,816.7472076699237,482.27043718817634,03
7,490,815.8647228568408,478.08275180108785,03
7,500,815.0248235626582,473.9852899709915,03
7,510,814.077377788541,469.8113841816982,03
7,520,813.0571626146384,465.69325295490916,03
7,530,811.8282193427052,461.82020171747723,03
7,540,810.3096420485437,457.8794992165843,03
7,550,808.7838468698227,453.7777066557524,03
7,560,807.2047049624947,449.74973336882334,03
7,570,805.6722824534055,445.76979182278023,03
7,580,804.0877599412242,441.8191155177688,03
7,590,802.3675411993266,438.0542669315953,03
7,600,800.7036219569919,434.2965049957165,03
7,610,799.0392433947309,430.4021938074007,03
7,620,797.5320834815997,426.4158217823865,03
7,630,796.020658454865,422.44703514884435,03
7,640,794.5810185709303,418.523130633835,03
7,650,793.369857541866,414.691286955524,03
7,660,792.098066282503,410.7305056121295,03
7,670,790.9047531134402,406.6388180896807,03
7,680,789.729550272908,402.39338962611714,03
7,690,788.5408303031103,397.97086052231924,03
7,700,787.5303264647968,393.68015623742855,03
7,710,786.4687724975088,389.56786493541944,03
7,720,785.4477043008857,385.2769637991317,03
7,730,784.5622667168467,380.7747754966512,03
7,740,783.7482861899454,376.14633983151384,03
7,750,782.9570091908403,371.6713826389619,03
7,760,782.207727156444,367.19051990449776,03
7,770,781.7173703263326,362.68636308804656,03
7,780,781.5844956333076,358.3541231583733,03
7,790,782.1680287913674,354.2990499957803,03
7,800,783.6920523075147,350.59922798777365,03
7,810,786.0222479118125,347.3872037417164,03
7,820,788.8895197444608,344.5913233490737,03
7,830,792.0618456254414,341.9338951057064,03
7,840,795.4686215203373,339.5097357678719,03
7,850,798.9006600111908,337.2321651037252,03
7,860,802.4336176516111,334.8818906569258,03
7,870,805.9136878833507,332.3949357234247,03
7,880,809.2023529400021,329.725696396233,03
7,890,812.2517779320762,326.81255818806653,03
7,900,815.0846007702363,323.6338018281148,03
7,910,817.6957689352913,320.2626560360895,03
7,920,820.0929596317268,316.7617851733923,03
7,930,822.2759103910131,313.1789585123799,03
7,940,824.2998052214638,309.3417998463479,03
7,950,826.0297352989504,305.2420414166191,03
7,960,827.5034960917114,300.9453003555515,03
7,970,828.8311275307111,296.48399152653,03
7,980,829.9638760866077,292.08672501869,03
7,990,830.9589598988169,287.70901241629264,03
7,1000,831.7703157404238,283.3008534644812,03
7,1010,832.5491911015134,278.7769458911902,03
7,1020,833.3101529854692,274.1503475057589,03
7,1030,833.998673555302,269.5774895517288,03
7,1040,834.6768922353544,265.1203146020459,03
7,1050,835.2642968042232,260.76097479670875,03
7,1060,835.9272266924364,256.3818842345319,03
7,1070,836.5890410893993,251.91020789859786,03
7,1080,837.2135193380506,247.51458181906676,03
7,1090,837.7512517377245,243.16442841225978,03
7,1100,838.1067653608402,238.91755637178434,03
7,1110,838.6151669023501,234.76477929911027,03
7,1120,839.2311805409272,230.51941645267902,03
7,1130,839.9219320932599,226.18921065410885,03
7,1140,840.6559253358167,221.85788936428864,03
7,1150,841.3382122780754,217.5488778994701,03
7,1160,842.1027831043111,213.27890862840465,03
7,1170,842.8455690426036,208.99817814763242,03
7,1180,843.5410450284663,204.79415409458673,03
7,1190,844.173856652927,200.584618202423,03
7,1200,844.6339639850215,196.38256266334804,03
7,1210,845.1697278707247,192.1032757594877,03
7,1220,845.727342261503,187.70325333208862,03
7,1230,846.2612688675002,183.27980558843774,03
7,1240,846.7556283426857,178.86784084294948,03
7,1250,847.1966410892637,174.51145380856852,03
7,1260,847.5826010617935,170.24266564588547,03
7,1270,847.9265660696143,166.07381237578366,03
7,1280,848.2585887593459,161.99537951407123,03
7,1290,848.6161365135646,157.95224866956738,03
7,1300,849.0979631164696,153.8713879739577,03
7,1310,849.7687670605656,149.64741631267518,03
7,1320,850.4463295692944,145.42055749756892,03
7,1330,851.1181833875083,141.19435485378622,03
7,1340,851.6678581052712,136.97432022044518,03
7,1350,852.1915484386205,132.78223848548865,03
7,1360,852.8515911730098,128.42552336544586,03
7,1370,853.4906364250446,123.97491012899876,03
7,1380,854.1366370931092,119.43440142122115,03
7,1390,854.6580964439585,114.90996891087129,03
7,1400,855.2689919462115,110.23238601359782,03
7,1410,855.8991788853778,105.59666684676871,03
7,1420,856.5084995764543,101.2440856060645,03
7,1430,857.1821250572419,96.81925990263409,03
7,1440,857.8366559525131,92.34515573280282,03
7,1450,858.526488864993,87.77984374899391,03
7,1460,859.1461114458494,83.18664448393282,03
7,1470,859.7199988854527,78.61588627813819,03
7,1480,860.1269563403372,74.1621234193379,03
7,1490,860.4324697085962,69.82430603341423,03
7,1500,860.699334585896,65.4285487196184,03
7,1510,860.8638367367175,61.06238473251607,03
78,5220,884.5730127031101,526.5705973741756,03
78,5230,881.1337563276969,524.335743463194,03
78,5240,877.5157588837407,522.5037131277581,03
78,5250,873.7245322103594,521.1596117885366,03
78,5260,869.7382914196097,520.2359850334651,03
78,5270,865.8660275877663,519.5461521209853,03
78,5280,862.2011795113063,518.9871597704274,03
78,5290,858.5942057455862,518.4677345506814,03
78,5300,855.0732560403876,517.9339391789489,03
78,5310,851.6546690616673,517.357361436919,03
78,5320,848.409114460975,516.6351792781867,03
78,5330,845.4203196991998,515.8717239432011,03
78,5340,842.7720122372306,515.0751975735074,03
78,5350,840.6420801208892,514.2101669176315,03
78,5360,838.9330162914924,513.373220394405,03
78,5370,837.3611578858562,512.5791874757407,03
78,5380,835.6970417921244,511.5767545447073,03
78,5390,833.8035282036693,510.0626392155461,03
78,5400,831.6029264357785,507.9976680602394,03
78,5410,829.2479275554492,505.3245573222386,03
78,5420,827.0058557599083,502.0494750119853,03
78,5430,824.9542048824702,498.31743499199075,03
78,5440,823.1297205172555,494.3236482310202,03
78,5450,821.5366021607352,490.17028060415487,03
78,5460,820.0064762512787,485.97767393213945,03
78,5470,818.5920333461694,481.7362481136497,03
78,5480,817.2059370422386,477.4760557953056,03
78,5490,815.689000176386,473.2464410606403,03
78,5500,813.9514585115458,469.0140704064159,03
78,5510,811.862274634399,464.8854404384496,03
78,5520,809.5505174442937,460.78548515732365,03
78,5530,807.1589042041088,456.71381086024417,03
78,5540,804.7523958748785,452.708016164052,03
78,5550,802.3211498867495,448.79697260698487,03
78,5560,799.638393430292,445.00810815036834,03
78,5570,796.5424458913761,441.3690476069252,03
78,5580,793.0909847293445,437.9895684390903,03
78,5590,789.3926062982496,434.9175055363528,03
78,5600,785.548360981923,432.22635008695346,03
78,5610,781.6028028132355,429.7967445271333,03
78,5620,777.5862469073367,427.5413524537235,03
78,5630,773.511619839301,425.43976693856104,03
78,5640,769.4587120420757,423.401305104727,03
78,5650,765.405148073527,421.5150750179634,03
78,5660,761.2759275513695,419.85010590151114,03
78,5670,757.0581895176609,418.51387861817255,03
78,5680,752.7661728901231,417.7954366359846,03
78,5690,748.4139853522132,417.5952387651603,03
78,5700,744.0443436570957,417.6334279361927,03
78,5710,739.6006858366786,417.6191234013386,03
78,5720,735.0721194469902,417.46833523117994,03
78,5730,730.5465714453902,417.3538989523475,03
78,5740,726.0544881812929,417.297533835652,03
78,5750,721.6615524041885,417.4449755320604,03
78,5760,717.3119895515728,417.7645965837764,03
78,5770,712.9382139771168,418.1153857733623,03
78,5780,708.5319579221438,418.4125657658117,03
78,5790,704.0976177345214,418.58592622950164,03
78,5800,699.5918204897612,418.6514777447273,03
78,5810,695.0066265148479,418.64137270634416,03
78,5820,690.4980733505286,418.7024622565695,03
78,5830,686.3808607635925,419.0578446454204,03
78,5840,682.4572843342451,419.8429536340841,03
78,5850,678.6060836018884,421.2409266389716,03
78,5860,674.7982557940204,423.066460878304,03
78,5870,671.0664782425554,425.0738858085327,03
78,5880,667.3890972938151,427.1603137661205,03
78,5890,663.667752866395,429.0646541814149,03
78,5900,659.8581533959533,430.7841511348566,03
78,5910,656.0063621094055,432.45279481072095,03
78,5920,652.1957783819785,434.2417803073299,03
78,5930,648.4231213570544,436.2221709790272,03
78,5940,644.6331414091877,438.1528894815294,03
78,5950,640.8097623409509,439.91110054306245,03
78,5960,636.941829239843,441.4128798513403,03
78,5970,633.0294077229963,442.67561594643803,03
78,5980,629.0940858269568,443.89990040197387,03
78,5990,625.1168345833403,445.108108660082,03
78,6000,621.1655021070053,446.45982158665714,03
78,6010,617.2915978468528,448.05471160575104,03
78,6020,613.5342296137682,449.8486840044191,03
78,6030,609.9486470331967,451.85912732273636,03
78,6040,606.46142453403,453.883022153187,03
78,6050,602.9478239476554,455.8326383898084,03
78,6060,599.3298265036991,457.6966898858348,03
78,6070,595.6174716234121,459.40982197743796,03
78,6080,591.8872688831235,461.124791348747,03
78,6090,588.1989298732796,462.88116513057406,03
78,6100,584.6100664360903,464.70728992409755,03
78,6110,581.1994847475177,466.6351868899085,03
78,6120,578.0423820412442,468.74799293470414,03
78,6130,575.1814094533023,471.03481561451343,03
78,6140,572.4688628187542,473.3547749461634,03
87,6590,910.762516272635,31.676211325905403,03
87,6600,904.8158980355576,64.38038064733148,03
87,6610,898.9030070045122,99.4353493526158,03
87,6620,893.0619011162665,136.91198394470504,03
116,9230,888.9628644749936,527.5301167006468,03
116,9240,887.5106261016459,524.1616612110481,03
116,9250,885.8261030797511,521.0339549800709,03
116,9260,883.9252403724716,518.2452268548553,03
116,9270,881.8184711038529,515.7645711660606,03
116,9280,879.421214790285,513.4315540250714,03
116,9290,876.6984318830891,511.2066739182081,03
116,9300,873.9478273117737,508.95430023288685,03
116,9310,871.2453857156087,506.5218075192428,03
116,9320,868.5226684255452,504.1514542299419,03
116,9330,865.8174709098213,501.9098417543274,03
116,9340,863.0775619310801,499.840539868285,03
116,9350,860.1406703209999,498.02589807292406,03
116,9360,857.0898017520141,496.45804231236167,03
116,9370,854.0498256269997,495.05823202776816,03
116,9380,851.1327503908916,493.5645236267703,03
116,9390,848.3702691186191,491.95349179311637,03
116,9400,845.5613965337697,490.3553865345369,03
116,9410,842.8556740809868,488.6209288749174,03
116,9420,840.3538240584404,486.6730186837373,03
116,9430,837.880189402808,484.48626213077415,03
116,9440,835.411935352029,482.1655153935358,03
116,9450,832.9752431419139,479.8490993870332,03
116,9460,830.5987874593038,477.65906197745215,03
116,9470,828.4450363239166,475.6154820072941,03
116,9480,826.4541469110421,473.78679814560854,03
116,9490,824.5442290394973,471.8546360661944,03
116,9500,823.0196149691587,469.4457655201993,03
116,9510,821.8532048243628,466.56458285549115,03
116,9520,820.0569358260622,463.8853041070488,03
116,9530,817.5218835345426,461.6735474266571,03
116,9540,814.6586143469682,459.9185516046096,03
116,9550,811.8656211081492,458.57320353987325,03
116,9560,809.7480250126914,457.2941287788185,03
116,9570,808.2389622027217,456.27903174124,03
117,9260,891.4549375448187,523.9253083002945,03
117,9270,889.4771059412833,521.5323827174624,03
117,9280,887.6229626322429,519.3619648304565,03
117,9290,885.7081890929036,517.5746197621564,03
117,9300,883.3903295094889,516.2835370658801,03
117,9310,880.6809981144266,515.280251112126,03
117,9320,877.8766531117099,514.3704695719822,03
117,9330,875.1654844369413,513.2558969617489,03
117,9340,872.6694743391746,511.66395971361106,03
117,9350,870.2567979995029,509.71624637382814,03
117,9360,867.7357877743078,507.3905127345306,03
117,9370,865.0003407605669,504.7909588019031,03
117,9380,861.9820182892305,502.0536745084562,03
117,9390,858.8964382572273,499.26396212625514,03
117,9400,855.8395985291968,496.5030556651593,03
117,9410,852.7598584219733,493.7070440382519,03
117,9420,849.6915356957802,490.93872284119965,03
117,9430,846.6451290917947,488.28280379187663,03
117,9440,843.6088931433245,485.6215041377002,03
117,9450,840.6720671503768,482.8604664423396,03
117,9460,837.8192310868475,479.88971639196285,03
117,9470,835.0798470451649,476.81411016407793,03
117,9480,832.4189410937828,473.7137662772941,03
117,9490,829.876342832042,470.6824516137508,03
117,9500,827.324361320374,467.89582323677064,03
117,9510,824.7528259032634,465.2682507886263,03
117,9520,822.2338498091716,462.7433035354898,03
117,9530,819.7826562128056,460.3266245507441,03
117,9540,817.4252294985791,458.07005136895197,03
117,9550,815.1470682802411,456.11078941387404,03
117,9560,813.0328186585335,454.56130645037183,03
117,9570,811.60991114335,453.03629867723913,03
134,9980,806.1808808463126,446.6510955274807,03
134,9990,806.070447212554,446.0930218167758,03
134,10000,806.113885754175,444.74170259299484,03
134,10010,806.2206448285216,442.72377892158875,03
134,10020,806.2797658647761,440.21864804242455,03
134,10030,806.1669700142526,437.1286716625532,03
134,10040,805.5536466781023,433.59230193125035,03
134,10050,804.1693220367451,429.96137791221946,03
134,10060,802.0813848851132,426.6467940882867,03
134,10070,799.354140012917,423.90452289278056,03
134,10080,796.2804366818705,421.7409291875397,03
134,10090,793.0831106734614,419.92812467188486,03
134,10100,790.0451686795501,418.2800847755809,03
134,10110,787.1278965920451,416.61780596155535,03
134,10120,784.1704012024047,415.1240319434251,03
134,10130,781.1027346475352,413.8252064255305,03
134,10140,777.8958941549341,412.67644728933874,03
134,10150,774.6382003847557,411.58589054954854,03
134,10160,771.4689585089959,410.41541214254624,03
134,10170,768.3945333894935,409.22400187032173,03
134,10180,765.3102000830049,408.1114633911916,03
134,10190,762.1672706773207,407.1664454509715,03
134,10200,759.0025563836938,406.49885674636107,03
134,10210,755.9093647643368,406.08094123037284,03
134,10220,752.8102019859354,405.7813990211585,03
134,10230,749.6565113705445,405.6038390609977,03
134,10240,746.4498677293406,405.5222769654767,03
134,10250,743.1724232023225,405.53061034128615,03
134,10260,739.8892043676568,405.68717281909244,03
134,10270,736.6145157601977,405.96637371727576,03
134,10280,733.356756372887,406.3672943959832,03
134,10290,730.1297058035198,406.8827169706554,03
134,10300,726.9432066219498,407.50450491687997,03
134,10310,723.8050672669277,408.22347183612675,03
134,10320,720.7206683433069,409.02957830714496,03
134,10330,717.6928313877785,409.91166941743376,03
134,10340,714.7212939318136,410.857802848904,03
134,10350,711.8029063530585,411.85478955795173,03
134,10360,708.9310413211451,412.88871871251695,03
134,10370,706.0954625634259,413.9446296064221,03
134,10380,703.2819967793113,415.0065116593719,03
134,10390,700.4753551769619,416.05527028585,03
134,10400,697.6460100468166,417.07830699644387,03
134,10410,694.7826096249777,418.0590862737991,03
134,10420,691.852410962398,418.9189987933509,03
134,10430,688.9306112927603,419.67963259164503,03
134,10440,686.062748905921,420.3339666355192,03
134,10450,683.261881611219,420.8842319074735,03
134,10460,680.6767634477103,421.4344971794278,03
134,10470,678.2986017196587,422.0029383970453,03
134,10480,675.8892062366048,422.51941084583524,03
134,10490,673.4819105017863,423.06101465631826,03
134,10500,671.1738934882254,423.6866083962195,03
134,10510,668.9355618692288,424.33726788068174,03
134,10520,666.8696064569367,425.0826128871363,03
134,10530,665.0816708344454,425.9148349768331,03
134,10540,663.505547315206,426.8513226898467,03
135,10030,801.5542168437488,447.4754435612944,03
135,10040,800.2011915745267,444.2439966440593,03
135,10050,798.5101724565283,440.75474001378944,03
135,10060,796.6473020688841,437.17401310101246,03
135,10070,794.5926328033576,433.58193442433776,03
135,10080,792.4313356977492,430.14609013980726,03
135,10090,790.1907730962525,427.15565494972316,03
135,10100,787.621074958848,424.5527545433454,03
135,10110,784.850457162163,422.4126517714887,03
135,10120,781.8276727258263,420.6260284916447,03
135,10130,778.6206353818284,418.9838285201206,03
135,10140,775.5378768865165,417.39038207793857,03
135,10150,772.3891731731848,415.90835352650043,03
135,10160,769.2338421294849,414.7521796543522,03
135,10170,766.0833667535795,413.9644459803942,03
135,10180,762.980529415766,413.4147712626311,03
135,10190,759.8892406932474,412.6969198346344,03
135,10200,756.7375185918273,411.83805718920036,03
135,10210,753.3781838836263,410.94723900030795,03
135,10220,749.9906994256439,410.3082593654056,03
135,10230,746.5716531269971,409.96613163729097,03
135,10240,743.1007692937875,409.8284012764714,03
135,10250,739.6562635477858,409.8925092147852,03
135,10260,736.2509968469343,410.11114549980215,03
135,10270,732.8889718363066,410.45517612475516,03
135,10280,729.575503503624,410.90380045868693,03
135,10290,726.3132165341805,411.44396069225814,03
135,10300,723.1021765451087,412.06850455804175,03
135,10310,719.9404806395701,412.77408558228746,03
135,10320,716.8234700011673,413.55899771955404,03
135,10330,713.7444516823998,414.42133807300314,03
135,10340,710.6940424333403,415.356972763296,03
135,10350,707.6605624044292,416.35730594609396,03
135,10360,704.6285915695624,417.4063270411016,03
135,10370,701.5916994497688,418.49544020397985,03
135,10380,698.4985734475443,419.535931071781,03
135,10390,695.41463384385,420.60706514039316,03
135,10400,692.3089093522127,421.69624392040396,03
135,10410,689.2538412867558,422.62721979429944,03
135,10420,686.3057291470427,423.45655473017246,03
135,10430,683.2678527702636,424.19612542897954,03
135,10440,680.1144902405345,424.8158136269687,03
135,10450,676.978122548086,425.2658815378123,03
135,10460,673.8851277801263,425.5390456598188,03
135,10470,670.895611229895,425.80400764028036,03
135,10480,667.992643677244,426.188458418766,03
135,10490,665.0373792701038,426.642069654757,03
140,10760,517.3872828492742,704.1164498515082,03
140,10770,520.5675484032703,702.8320601027323,03
140,10780,523.7726172332975,701.3958979268124,03
140,10790,526.9596413519263,700.1603273245111,03
140,10800,530.1221902801856,699.0144553421429,03
140,10810,533.2671538169728,697.8236356241097,03
140,10820,536.4876426731042,696.6479078465189,03
140,10830,539.8122659182878,695.4711958119425,03
140,10840,543.1912857661962,694.3081977580291,03
140,10850,546.5566572505741,693.1698061287499,03
140,10860,549.8453879243577,692.0476219311631,03
140,10870,553.0272939066626,690.9501097753429,03
140,10880,556.2093967403646,689.7423608371614,03
140,10890,559.3377591426653,688.3170911052129,03
140,10900,562.4949930832037,686.9438557592243,03
140,10910,565.708132820511,685.4977853963184,03
140,10920,568.8207471110458,684.0929882096657,03
140,10930,571.9414979259928,682.7979028683154,03
140,10940,574.9917103236554,681.3928432131332,03
140,10950,577.9213184320436,679.9940171855252,03
140,10960,580.9153625644075,678.6613988444661,03
140,10970,583.9920842835425,677.3957099784124,03
140,10980,587.1646070159202,676.1772654476564,03
140,10990,590.4186262266865,674.9680729325629,03
140,11000,593.7215958181919,673.7219379719519,03
140,11010,597.0311271229332,672.3950283214082,03
140,11020,600.3036503650245,670.9563070773262,03
140,11030,603.5032729730659,669.3975720981616,03
140,11040,606.617396457645,667.7476949221517,03
140,11050,609.628501044422,666.0163868848855,03
140,11060,612.6076500877406,664.5040432182979,03
140,11070,615.7932962465899,663.0113846914178,03
140,11080,618.996134094117,661.3795522268063,03
140,11090,622.2764657749589,659.9265264478703,03
140,11100,625.4157206212311,658.495219939745,03
140,11110,628.3954602187409,657.0173908847777,03
140,11120,631.4713289151553,655.5968455863591,03
140,11130,634.4853206557559,653.9331231954217,03
140,11140,637.4376322919401,652.2226814062452,03
140,11150,640.5224249183551,650.5501663195718,03
140,11160,643.5599732094723,648.7699079015664,03
140,11170,646.5719308189699,647.1177997430564,03
140,11180,649.5867755822914,645.479405565209,03
140,11190,652.4922365859719,643.7564965208846,03
140,11200,655.4889710207625,642.070004985019,03
140,11210,658.5944986610027,640.2230795605379,03
140,11220,661.6356558943995,638.3538443110551,03
140,11230,664.6777973847819,636.6140716637148,03
140,11240,667.6929046166327,634.8006765938685,03
140,11250,670.7191667609844,633.0339353051289,03
140,11260,673.7745629121031,631.3169318027168,03
140,11270,676.7630295882165,629.5242061295634,03
140,11280,679.717965909695,627.7760344892812,03
140,11290,682.5708675903567,625.9407889143598,03
140,11300,685.4059214110172,624.011973308696,03
140,11310,688.412235947132,622.2234471320136,03
140,11320,691.4802962047958,620.5261943864413,03
140,11330,694.5980942487869,619.0209373701483,03
140,11340,697.7917456977839,617.6899594573983,03
140,11350,700.9316567153795,616.2867370819222,03
140,11360,704.027538637163,614.873803370857,03
140,11370,707.0383151382781,613.4685468642778,03
140,11380,709.9892488146829,611.8588273732709,03
140,11390,713.0626896772,610.2682680849126,03
140,11400,716.1690703401608,608.602314711475,03
140,11410,719.2511726641492,606.8378700223681,03
140,11420,722.3818972832147,605.2080060717273,03
140,11430,725.4479234097753,603.639822225503,03
140,11440,728.4800254789069,602.1062186080314,03
140,11450,731.5583876263509,600.5919064274732,03
140,11460,734.5878650101881,598.8907822710916,03
140,11470,737.5907674554202,597.182112144489,03
140,11480,740.6281845122729,595.4681270301652,03
140,11490,743.6735412421407,593.6666742784082,03
140,11500,746.8551847559161,592.0697501282112,03
140,11510,750.029741619397,590.5586531871385,03
140,11520,753.0647964594846,588.9988683338561,03
140,11530,756.1390903447223,587.4436110627064,03
140,11540,759.149604377308,585.7189303558083,03
140,11550,762.1622181581292,583.8954302475792,03
140,11560,765.2556722460155,582.1627442505334,03
140,11570,768.3323939651505,580.4104387309126,03
140,11580,771.4360843256845,578.7767033694627,03
140,11590,774.5384623435716,577.10615679676,03
140,11600,777.6266014437368,575.3664497665519,03
140,11610,780.735803643389,573.8679513148919,03
140,11620,783.9335889717246,572.4766056403726,03
140,11630,787.1923326160207,571.1786331451987,03
140,11640,790.5059321829681,569.9937189690777,03
140,11650,793.661263226668,568.6920719144916,03
140,11660,796.8175129102209,567.363915538433,03
140,11670,800.0261250653954,566.0177144509761,03
140,11680,803.1664954029178,564.4392943321039,03
140,11690,806.255356291539,562.949785427577,03
140,11700,809.2832588641995,561.4793711085662,03
140,11710,812.3610960745846,559.9609906658018,03
140,11720,815.4931986534298,558.486901787379,03
140,11730,818.5377679777093,556.9195709638755,03
140,11740,821.5707230695615,555.291413058676,03
140,11750,824.6392426471517,553.639501751563,03
140,11760,827.5768560456877,551.8819468613535,03
140,11770,830.5168972781211,550.1446020479103,03
140,11780,833.4560198707012,548.4718901098398,03
140,11790,836.3625963656318,546.6628913878618,03
140,11800,839.3663518335846,544.8366353600734,03
140,11810,842.3432698944031,543.0183190053004,03
140,11820,845.2546364399959,541.3384547998029,03
140,11830,848.3438910314112,539.8024889655665,03
140,11840,851.5370175433494,538.4386368695051,03
140,11850,854.8009449411016,537.3342349147873,03
140,11860,858.1310144082712,536.5932206390684,03
140,11870,861.4732230449266,536.146499201975,03
140,11880,864.8399724890841,536.0489265261585,03
140,11890,868.2495699206712,536.3037834682372,03
145,11180,1031.4641157539543,214.5573272181358,03
145,11190,1034.6076357138297,217.06980721612425,03
145,11200,1037.9180200412916,219.59915081712867,03
145,11210,1041.4871983387734,221.92534377635266,03
145,11220,1045.4331502102552,223.85350321069293,03
145,11230,1049.7952459351511,225.2835629933035,03
145,11240,1054.072433090776,226.5339630675179,03
145,11250,1058.2744886298512,227.63449361142648,03
145,11260,1062.3067270303834,228.75772768313098,03
145,11270,1066.1262346878113,230.03050319947943,03
145,11280,1069.9125400762657,231.27171687516363,03
145,11290,1073.876405424881,232.198624486853,03
145,11300,1078.0616629780725,232.72933585336463,03
145,11310,1082.466344221869,232.82270903271004,03
145,11320,1087.0369055762665,232.49554201077297,03
145,11330,1091.6874542150085,231.80610280108735,03
145,11340,1096.3189738853666,230.83759392748303,03
145,11350,1100.838747579319,229.68174814099658,03
145,11360,1105.1795833533313,228.42216166825213,03
145,11370,1109.3183183596807,227.118283631166,03
145,11380,1113.2792965544722,225.79813254525507,03
145,11390,1117.2209833123507,224.40678687073577,03
145,11400,1121.290820329724,222.85087342826247,03
145,11410,1125.3962218328359,221.25066842144756,03
145,11420,1129.4897466349905,219.640817696176,03
145,11430,1133.5904893217046,217.96351255884042,03
145,11440,1137.538934644216,216.26317580804718,03
145,11450,1141.499059816287,214.64190770174534,03
145,11460,1145.4622033764463,213.22654615678292,03
145,11470,1149.3735094020428,212.0165662361011,03
208,17040,858.7349544944942,62.34690571555658,03
208,17050,858.3222227319624,66.6915472832455,03
208,17060,857.9487956317129,71.24432639477403,03
208,17070,857.4317326287318,75.94126634609313,03
208,17080,856.9221499788392,80.45670930930996,03
208,17090,856.3755592662969,85.03383237694332,03
208,17100,855.8298871936078,89.64520758766757,03
208,17110,855.3037690263614,94.24240949780248,03
208,17120,854.7920866282335,98.89407362779453,03
208,17130,854.4374260278383,103.37375525387625,03
208,17140,854.1029755042096,107.88480186922509,03
208,17150,853.7479212010204,112.36271183273313,03
208,17160,853.2882075717201,116.78366612535443,03
208,17170,852.7195695027054,121.18237621010633,03
208,17180,852.1479130456024,125.56612558868062,03
208,17190,851.4296022976793,130.10499386814925,03
208,17200,850.6911470901222,134.62968884702858,03
208,17210,849.9673245030808,139.17170674885037,03
208,17220,849.2253259703765,143.81995878795985,03
208,17230,848.6654149799656,148.35180603426616,03
208,17240,848.2562921597132,152.96278754219625,03
208,17250,848.113640513967,157.51976615019572,03
208,17260,848.0593095283747,162.06047170937038,03
208,17270,847.9486134260866,166.5707309191309,03
208,17280,847.7350952773937,171.01517614513637,03
208,17290,847.3799097399396,175.42766582768346,03
208,17300,846.8753796092388,179.85176974265792,03
208,17310,846.2363343572041,184.33151698587199,03
208,17320,845.4945326758967,188.89367934732775,03
208,17330,844.6924944670849,193.53071085680395,03
208,17340,843.8640125539324,198.21734891834285,03
208,17350,843.1087593604917,202.7356134182511,03
208,17360,842.351668887345,207.081173625793,03
208,17370,841.5506149355182,211.3683345855363,03
208,17380,840.7852567036944,215.60962916976132,03
208,17390,840.0098590506199,219.9369478145077,03
208,17400,839.3471916309362,224.18815058571883,03
208,17410,838.7299312668442,228.37924806368997,03
208,17420,838.024219008334,232.6303852177687,03
208,17430,837.2587951593777,236.82489478662248,03
208,17440,836.3281473711439,241.06769856489177,03
208,17450,835.1932990670119,245.37795675522509,03
208,17460,833.9035287133829,249.66898912577747,03
208,17470,832.5375112519537,253.97340739133097,03
208,17480,831.1591577696412,258.25361293504426,03
208,17490,829.8077729287279,262.5309313249339,03
208,17500,828.3786974031027,266.8148114280593,03
208,17510,826.9149760315923,271.0002002155153,03
208,17520,825.4410183874343,275.0668876105356,03
208,17530,823.9458664095246,279.06835157599215,03
208,17540,822.5908070091992,283.15209942542555,03
208,17550,821.346509328294,287.24372133074195,03
208,17560,820.0591011914299,291.32261351238094,03
208,17570,818.7924280683909,295.3845764738715,03
208,17580,817.4612533042437,299.3681925793266,03
208,17590,816.015051707073,303.2427530108027,03
208,17600,814.415371637317,306.97925499579753,03
208,17610,812.6317667455614,310.55624173203006,03
208,17620,810.6438301036429,313.9590805989843,03
208,17630,808.4406036504579,317.17983192364517,03
208,17640,806.0201844891677,320.2164615749094,03
208,17650,803.3895936529351,323.07284096358615,03
208,17660,800.5641199335988,325.7579596368085,03
208,17670,797.5673854988082,328.28599089516575,03
208,17680,794.4304272521687,330.67537315285057,03
208,17690,791.1917624503741,332.9488755547911,03
208,17700,787.8969950004134,335.13287618819527,03
208,17710,784.5883167183929,337.26228336747755,03
208,17720,781.3496519165982,339.34116535484424,03
208,17730,778.2168931664295,341.4903232909663,03
208,17740,775.1087408408949,343.64932379694204,03
208,17750,772.0445519940405,345.900188288219,03
208,17760,768.9285912297554,348.3180483813472,03
208,17770,765.7163045151688,350.93617196243196,03
208,17780,762.6327586142685,353.84274845736263,03
208,17790,759.765618015885,356.7704536689126,03
208,17800,757.0096984568485,359.5352315408176,03
208,17810,754.1768756186881,362.07139932358723,03
208,17820,750.959733236307,364.3487731363369,03
208,17830,747.5472486508961,366.3521954214918,03
208,17840,743.960813047604,367.9735947620584,03
208,17850,740.2503610641553,369.1949920637705,03
208,17860,736.6678624888049,370.21861932855546,03
208,17870,733.1891045997122,371.2065508733378,03
208,17880,729.749257670108,372.2133801522391,03
208,17890,726.334935804991,373.3083988570297,03
208,17900,722.9261913961245,374.534783060801,03
208,17910,719.5092448457132,375.9171391881873,03
208,17920,716.0758283950801,377.4639318492628,03
208,17930,712.6219393991513,379.1694523535123,03
208,17940,709.1473153893971,381.0157216066698,03
208,17950,705.6543841997153,382.97491794461547,03
208,17960,702.147279709444,385.0108207102876,03
208,17970,698.631382523437,387.08150055610946,03
208,17980,695.1120076294147,389.14076302090103,03
208,17990,691.5937482266427,391.14070759804105,03
208,18000,688.0794914689445,393.03343378090796,03
208,18010,684.5681874822022,394.7801618442784,03
208,18020,681.0662667453875,396.334500475575,03
208,18030,677.5476792569535,397.63982208957304,03
208,18040,673.9590782882938,398.8500644787842,03
208,18050,670.458469894126,400.23858861661216,03
208,18060,667.0506441251124,401.73538102283095,03
208,18070,663.758304509049,403.2824361524358,03
208,18080,660.6101257327762,404.86000324858725,03
208,18090,657.444295947899,406.51670460636245,03
208,18100,654.227547268312,408.3401390974593,03
208,18110,651.0012184874007,410.31121213636175,03
208,18120,647.7968058286971,412.3229677973261,03
208,18130,644.6332726434524,414.3174661524804,03
208,18140,641.4438863080587,416.19070404703695,03
208,18150,638.1933448053074,417.98638249114646,03
208,18160,634.8983148868173,419.7895412883447,03
208,18170,631.5996760260475,421.5161905092136,03
208,18180,628.3777435930042,423.2505825517006,03
208,18190,625.2491843393065,425.222574230456,03
208,18200,622.2828962539301,427.4219948899643,03
208,18210,619.4147713985611,429.7016653023465,03
208,18220,616.428010767889,431.87976039383847,03
208,18230,613.1772724137405,433.85313003237343,03
208,18240,609.7707589873742,435.7363417310484,03
208,18250,606.3614240243163,437.4896315076546,03
208,18260,603.0226930956759,439.1309128393256,03
208,18270,599.7364558729217,440.85979304269466,03
208,18280,596.4459535365644,442.5758779052539,03
208,18290,593.1911469202097,444.26827498303174,03
208,18300,590.0381124761424,446.0825886927309,03
208,18310,587.0215616673796,447.96652217986184,03
208,18320,584.1551428574521,449.9484220456033,03
208,18330,581.4878064270988,452.08222557275366,03
208,18340,579.1844482299354,454.4015943502124,03
208,18350,577.4253841456817,456.8720137663593,03
208,18360,576.3182262714049,459.40732852640826,03
208,18370,575.852147780266,461.9121313199109,03
208,18380,575.730821702536,464.2638493436221,03
208,18390,575.4339697957483,466.4762621953373,03
208,18400,574.603125665831,468.6698429300657,03
208,18410,573.0905195307141,470.87339746891263,03
208,18420,570.9743670121683,472.992174672753,03
209,17150,910.1097570399376,507.1790943340731,03
209,17160,907.63960009232,509.5396706706528,03
209,17170,905.0870936435934,512.2056947583588,03
209,17180,902.4011219476503,514.651573367004,03
209,17190,899.5731547772845,516.6171345667882,03
209,17200,896.7647415123615,518.2767230783871,03
209,17210,893.889530006698,519.9416265777071,03
209,17220,891.0599880251557,521.6731314663704,03
209,17230,888.3276906337679,523.3620508361333,03
209,17240,885.6492649080461,525.024329650159,03
209,17250,882.9596186526911,526.6242721884445,03
209,17260,880.1209558897509,528.1469177448122,03
209,17270,877.1377385842261,529.6199567491173,03
209,17280,873.9962527554538,531.024557084373,03
209,17290,870.7319972720396,532.4006139670529,03
209,17300,867.4902484650241,533.8405819366495,03
209,17310,864.2353106144047,535.379500541842,03
209,17320,860.9732861134908,537.0335115971906,03
209,17330,857.8277320225124,538.6826669847445,03
209,17340,854.8107218938231,540.2714546105292,03
209,17350,851.8445650427115,541.8206751055019,03
209,17360,848.8667283420399,543.324882247677,03
209,17370,845.8264241313636,544.8813206272092,03
209,17380,842.7800175273782,546.5191898679976,03
209,17390,839.7266555073626,548.2697893421772,03
209,17400,836.64415948058,550.1841035615898,03
209,17410,833.5380412861487,551.9890340213618,03
209,17420,830.4932094933397,553.5617454497187,03
209,17430,827.4472622092807,555.0569630447608,03
209,17440,824.3365508155842,556.5262618725216,03
209,17450,821.202414105636,558.0242353871226,03
209,17460,818.1033169443668,559.5067232584872,03
209,17470,815.0639313735436,560.902727749404,03
209,17480,812.0196901349259,562.1820649789883,03
209,17490,808.9120627464503,563.2894853217945,03
209,17500,805.7892121832675,564.3937560422476,03
209,17510,802.5900488951524,565.5976991867525,03
209,17520,799.3986284286558,566.7959992578745,03
209,17530,796.2562239600305,568.0811107951062,03
209,17540,793.0687405214752,569.4784276286701,03
209,17550,789.9638034354261,570.7703633476671,03
209,17560,786.9599167332085,572.0042935216596,03
209,17570,784.0060959029802,573.276347249552,03
209,17580,781.049387918928,574.679700859293,03
209,17590,778.0470104107545,576.2730160672103,03
209,17600,775.0677957503036,577.9209903463818,03
209,17610,772.1757862587565,579.3466537811244,03
209,17620,769.2920445258865,580.7003352216702,03
209,17630,766.3435386833789,582.2931254925288,03
209,17640,763.3781036207232,584.0346041853105,03
209,17650,760.4610283846154,585.6238511310216,03
209,17660,757.582011085275,587.0223490729679,03
209,17670,754.6554869821075,588.4166475184435,03
209,17680,751.7306689243813,589.8252504987729,03
209,17690,748.825601623495,591.3986837155858,03
209,17700,745.965547675406,593.0181145421817,03
209,17710,743.1559533021006,594.5116260917824,03
209,17720,740.3648629601201,595.9621584196886,03
209,17730,737.5796781600517,597.3855908719312,03
209,17740,734.8308452513098,598.893406956386,03
209,17750,732.0957263232307,600.5391502530573,03
209,17760,729.3177594077216,602.1146832181056,03
209,17770,726.5078369487543,603.641265802415,03
209,17780,723.7223896801567,605.2255914631992,03
209,17790,720.8859578997167,606.7747463410395,03
209,17800,718.0402084864819,608.3637308182214,03
209,17810,715.1591570560386,610.0262064836439,03
209,17820,712.2748247689773,611.7298897081874,03
209,17830,709.3370801361766,613.4554890549385,03
209,17840,706.4533384033066,614.9761004802032,03
209,17850,703.5512894905086,616.5515022109868,03
209,17860,700.5303423338778,618.1430457563305,03
209,17870,697.5754060123994,619.6483683897557,03
209,17880,694.5977005459927,621.2381402725256,03
209,17890,691.6176328628211,622.8187913738979,03
209,17900,688.8060699755448,624.3808728268128,03
209,17910,686.0235098607708,625.9757628459066,03
209,17920,683.0951484778974,627.6085795675035,03
209,17930,680.1642936439941,629.3175777797682,03
209,17940,677.1455774698637,631.0320222140183,03
209,17950,674.0697087734494,632.725666017311,03
209,17960,670.9607690423267,634.4458847592088,03
209,17970,667.903535611502,636.0966149579393,03
209,17980,664.9651348073777,637.6676859579874,03
209,17990,661.9264710250103,639.3839020548112,03
209,18000,658.9281617790432,641.0461152517045,03
209,18010,655.9723068177116,642.6946144679349,03
209,18020,653.1855472064668,644.2124699736405,03
209,18030,650.473787977507,645.7554568410392,03
209,18040,647.9172788837064,647.3063177643209,03
209,18050,645.4471219360889,648.8534385110582,03
209,18060,643.0370046645791,650.400099937869,03
209,18070,640.6556933141743,651.9457771076944,03
209,18080,638.2754318378873,653.4899450834755,03
209,18090,635.8721387481426,655.0324070138155,03
209,18100,633.4249477968503,656.572966047317,03
209,18110,630.9164048268034,658.1113597154506,03
209,18120,628.3324021545449,659.6475224010841,03
209,18130,625.661850484706,661.1810604014232,03
209,18140,622.8966789100069,662.7118424822035,03
209,18150,620.032031762653,664.2392780892334,03
209,18160,617.0656780601441,665.7627110511893,03
209,18170,613.9983395909363,667.2813539624833,03
209,18180,610.8334284459123,668.7938944804679,03
209,18190,607.577047018381,670.2990202624959,03
209,18200,604.2376599184169,671.7948284117293,03
209,18210,600.8263564413884,673.2790879456676,03
209,18220,597.3565880994289,674.749042944752,03
209,18230,593.8439717700396,676.2015437866289,03
209,18240,590.3064209303542,677.6328502947543,03
209,18250,586.7638831886097,679.03856612126,03
209,18260,583.2384059012783,680.4138355983517,03
209,18270,579.7538080874059,681.7530156526465,03
209,18280,576.3314153150089,683.0556469642178,03
209,18290,573.0180125994585,684.2912831836516,03
209,18300,569.8032980509747,685.4904362774943,03
209,18310,566.6607623480846,686.724957005678,03
209,18320,563.6486735043222,687.9194512831233,03
209,18330,560.5802851609968,689.1741820880733,03
209,18340,557.4140616733255,690.4122461414044,03
209,18350,554.2416701752124,691.5842337424509,03
209,18360,551.1371924090901,692.562978888703,03
209,18370,548.0700507912794,693.470595063479,03
209,18380,544.9197066496387,694.6087242242288,03
209,18390,541.7196247216706,695.9470512558029,03
209,18400,538.5319444317182,697.3990271606211,03
209,18410,535.4194613754481,698.8394544501442,03
209,18420,532.4216770665398,700.1535031427458,03
209,18430,529.4574231122665,701.3460945233528,03
209,18440,526.3339163777603,702.5342895560917,03
209,18450,523.1255666911151,703.8108052489846,03
209,18460,519.9426764518248,705.1652740951187,03
209,18470,516.8970572534275,706.3994667376405,03
209,18480,513.9562942325383,707.5727010642019,03
209,18490,510.97183020149873,708.7910799778256,03
209,18500,507.9232582321454,710.0687767791009,03
209,18510,504.797717366536,711.4141248438372,03
209,18520,501.60675621996575,712.8168878993869,03
209,18530,498.379771267731,714.2539687151598,03
209,18540,495.15646087490813,715.6951834102712,03
209,18550,491.9802635831184,717.10877329266,03
209,18560,488.8908777574383,718.4669823153384,03
209,18570,485.9107444571343,719.7507815099231,03
209,18580,483.0562023481636,720.9694885092085,03
209,18590,480.3813855647215,722.0906228326775,03
209,18600,477.4624730489075,723.2352480895307,03
209,18610,474.22866391490743,724.545753456985,03
209,18620,471.1922967321727,725.6905099481029,03
209,18630,468.17377740943925,726.7321163071541,03
209,18640,465.18229234523733,727.8834345115079,03
209,18650,462.2221066531701,728.9719571201949,03
209,18660,459.10306188366417,729.8836415571773,03
209,18670,455.766955640318,730.6187502909842,03
209,18680,452.2722527880624,731.1535955368341,03
210,17170,903.7920083022432,508.3084307990869,03
210,17180,900.8400903688531,509.7275981377261,03
210,17190,897.6819377884618,511.35044105520456,03
210,17200,894.3815272651185,513.0156726401862,03
210,17210,891.2760652420106,514.6417964142826,03
210,17220,888.2225063705979,516.1369483921923,03
210,17230,885.0988027846947,517.7412872783458,03
210,17240,881.906660529742,519.678436259819,03
210,17250,878.5429294736731,521.6648637076934,03
210,17260,875.4195539734316,523.2941371041428,03
210,17270,872.5778072052705,524.6962439883689,03
210,17280,869.8988565424899,526.2911996245952,03
210,17290,867.1546824501452,527.8827431699389,03
210,17300,864.3281588566914,529.4311762593233,03
210,17310,861.5291288416956,531.0047407104008,03
210,17320,858.6987338374325,532.7533716706096,03
210,17330,855.7624327815438,534.5344831113356,03
210,17340,852.6806585432172,535.8232692079793,03
210,17350,849.5085295136337,536.9068705317396,03
210,17360,846.4548394079562,538.0776770244037,03
210,17370,843.6159797936192,539.5011094766461,03
210,17380,840.5943108485326,541.132285769934,03
210,17390,837.5156862325592,542.8143153407993,03
210,17400,834.555303689095,544.4286280310713,03
210,17410,831.5499077928331,546.0033079733989,03
210,17420,828.47462965061,547.580809452418,03
210,17430,825.2990885301439,549.1944659713663,03
210,17440,822.2810941444694,550.7604844522226,03
210,17450,819.3989928399083,552.3522904660957,03
210,17460,816.4063266673239,553.9512487473959,03
210,17470,813.3784240946633,555.4287497167014,03
210,17480,810.2552454458188,556.708349414815,03
210,17490,807.2594296508813,557.7466093001159,03
210,17500,804.2832989956511,558.7594753551942,03
210,17510,801.1689130425426,559.9178145927102,03
210,17520,798.0505244443603,561.1699863294983,03
210,17530,794.9211121679418,562.4290478651839,03
210,17540,791.7661092099038,563.7824012200679,03
210,17550,788.7357131862135,565.3361492971734,03
210,17560,785.6328102312677,566.9835330221537,03
210,17570,782.4545788083748,568.6065727910292,03
210,17580,779.1789059439305,570.0954255242325,03
210,17590,775.9196373625754,571.3273215671219,03
210,17600,772.803807832555,572.5195192449347,03
210,17610,769.8211154640891,573.829827760992,03
210,17620,766.8357327931966,575.3125124837537,03
210,17630,763.8504157394362,576.8909326026258,03
210,17640,760.7944290341264,578.4612818142177,03
210,17650,757.8113429628662,579.9359612468317,03
210,17660,754.924976544702,581.3939739278268,03
210,17670,752.1046209616896,583.0225255358205,03
210,17680,749.298110593605,584.7954348350016,03
210,17690,746.4133189866171,586.604105471318,03
210,17700,743.6251814155927,588.323077487701,03
210,17710,740.9077134961179,589.9661304819457,03
210,17720,738.2057968370119,591.523159415669,03
210,17730,735.3746144271607,593.1529577491774,03
210,17740,732.4303736982565,594.799488451437,03
210,17750,729.5274061456056,596.4288274650189,03
210,17760,726.7430087511256,597.9761450631532,03
210,17770,724.0789531773902,599.4503651758408,03
210,17780,721.4109605757131,601.0799010408198,03
210,17790,718.6003163282899,602.7662613424208,03
210,17800,715.6274009125453,604.3800490956338,03
210,17810,712.6403121962113,605.879138101485,03
210,17820,709.7328826785601,607.2883972531381,03
210,17830,706.9191544259161,608.7779717747974,03
210,17840,704.1600196273939,610.4369697322051,03
210,17850,701.2516058527572,612.1468865843227,03
210,17860,698.2869581956897,613.7503724477555,03
210,17870,695.2307090218504,615.2156686304423,03
210,17880,692.2116647620581,616.5887727421662,03
210,17890,689.2566628234473,618.0267721977921,03
210,17900,686.4195748716837,619.4956773227585,03
210,17910,683.6712012828683,621.0968009694265,03
210,17920,680.8268298294131,622.8791591356672,03
210,17930,677.8913161791126,624.7493786421354,03
210,17940,674.9434665079287,626.5876426051452,03
210,17950,671.9383330801962,628.2471654996118,03
210,17960,668.925325596581,629.754325412743,03
210,17970,665.8644176063443,631.1585320452045,03
210,17980,662.8723419879511,632.4600478655258,03
210,17990,659.9047415599274,633.917338758065,03
210,18000,657.0324172080877,635.4783047197299,03
210,18010,654.27813807736,637.1272632558868,03
210,18020,651.4730712861873,638.8577182704322,03
210,18030,648.5545524731674,640.4658629502625,03
210,18040,645.5932512898502,642.093299067006,03
210,18050,642.7131841163922,643.926838596486,03
210,18060,640.023144158243,645.8628064695769,03
210,18070,637.3552171736984,647.8063203128889,03
210,18080,634.5290872830387,649.6895976286964,03
210,18090,631.6106997042837,651.5191345131026,03
210,18100,628.716393613104,653.4087766907487,03
210,18110,625.9201195176671,655.1344416546322,03
210,18120,623.2264706172383,656.7383868379915,03
210,18130,620.5827563545338,658.4099176676796,03
210,18140,617.4649583105427,659.5813147145349,03
210,18150,614.2865956533851,660.6823701955024,03
210,18160,611.1818554187333,661.8752240446387,03
210,18170,608.1965383649731,663.1333669404713,03
210,18180,605.288255824601,664.4830457359433,03
210,18190,602.4713779496038,665.9238011111282,03
210,18200,599.7458391228489,667.4555674488938,03
210,18210,597.1117705786011,669.0783447492398,03
210,18220,594.569106699728,670.7921986292989,03
210,18230,592.1177818690974,672.5970634719384,03
210,18240,589.7579273209736,674.4929392771585,03
210,18250,587.4894118210923,676.4798260449593,03
210,18260,585.312366603718,678.557789392473,03
213,17450,1142.6411916221105,221.22205935173943,03
213,17460,1138.8962250270415,222.65907455037998,03
213,17470,1135.1215338710142,224.13185108615562,03
213,17480,1131.329060472118,225.64111074752236,03
213,17490,1127.7181496784565,227.06487128542656,03
213,17500,1124.1097323358244,228.37596720707208,03
213,17510,1120.4294642332604,229.58561904209208,03
213,17520,1116.6652062012784,230.75609744909437,03
213,17530,1112.8185986681867,231.82893756314795,03
213,17540,1108.9206785375911,232.94994065235224,03
213,17550,1105.1051079081049,234.0707468901595,03
213,17560,1101.3405874075931,235.2283643392196,03
213,17570,1097.605463382378,236.392084181589,03
213,17580,1093.7852339364943,237.53598764998628,03
213,17590,1090.00562149554,238.63080950337982,03
213,17600,1086.1668224011992,239.73330856125918,03
213,17610,1082.229925693983,240.86376051752305,03
213,17620,1078.3054962419149,242.02780844555426,03
213,17630,1074.4275237195561,243.0712520843114,03
213,17640,1070.5226481729305,244.07434118666836,03
213,17650,1066.661211167926,245.0059732318875,03
213,17660,1062.756007535639,245.93596484879762,03
213,17670,1058.9121559221062,246.88268883445906,03
213,17680,1054.9183691611358,247.97718260219082,03
213,17690,1050.7604083350054,249.3431344464876,03
213,17700,1046.544901283797,250.7955040540999,03
213,17710,1042.4763766090707,251.99203246264833,03
213,17720,1038.422681406257,252.9944653936817,03
213,17730,1034.5274515780882,253.678523998514,03
213,17740,1030.5555809393252,254.2959155968706,03
213,17750,1026.6164532496089,254.92761173008117,03
213,17760,1022.7440581835004,255.5698066044691,03
213,17770,1018.9080806258511,256.1885105454728,03
213,17780,1015.1030743546744,256.7501275813251,03
213,17790,1011.2171621593003,257.4377295113048,03
213,17800,1007.358874776649,258.3152930394608,03
213,17810,1003.4865453276731,259.30066551608115,03
213,17820,999.5703180171498,260.39719341491593,03
213,17830,995.7839470115628,261.40028251727296,03
213,17840,992.0078122786236,262.2699063724137,03
213,17850,988.1690131842828,263.114333248729,03
213,17860,984.2384813389052,263.9710961459276,03
213,17870,980.340233122648,264.8419011094508,03
213,17880,976.4483497682294,265.823402175262,03
213,17890,972.4951800121885,266.8072654578381,03
213,17900,968.497390606144,267.7898820148994,03
213,17910,964.4322124051679,268.74723597600286,03
213,17920,960.3006296662455,269.69960303504706,03
213,17930,956.3714757806474,270.74344037659836,03
213,17940,952.5511151004989,271.8208080727846,03
213,17950,948.871765637788,272.95191620037207,03
213,17960,945.1455655425733,274.0842710534743,03
213,17970,941.3566354688245,275.3027155842303,03
213,17980,937.4177046305052,276.56761704469585,03
213,17990,933.4074479693128,277.8628336203107,03
213,18000,929.4734384159202,279.1741263933533,03
213,18010,925.5856889408402,280.36166525476864,03
213,18020,921.5724795086917,281.4703323230896,03
213,18030,917.5708843089704,282.3954026550729,03
213,18040,913.5883836947655,283.19120723631096,03
213,18050,909.6518150732112,283.93314015188304,03
213,18060,905.747398846512,284.83845972702653,03
213,18070,901.8686389185651,286.0024420379254,03
213,18080,897.9510992653944,287.446609503993,03
213,18090,894.0652526871528,288.9811317613175,03
213,18100,890.2280284039884,290.4749713965801,03
213,18110,886.3876544984709,291.9350182086783,03
213,18120,882.580023542,293.38883139320245,03
213,18130,878.8555294922267,294.81692266184234,03
213,18140,875.1323477851006,296.1884519623896,03
213,18150,871.3799664540751,297.67664852426935,03
213,18160,867.6069813434892,299.24201083380217,03
213,18170,863.8191667609904,300.9194472054025,03
213,18180,860.0205909687849,302.6815296777446,03
213,18190,856.3059394888652,304.4563418737642,03
213,18200,852.7422730305015,306.25740092272696,03
213,18210,849.1897614846384,308.0767015344854,03
213,18220,845.5995200876696,309.9600444674251,03
213,18230,841.9292914063564,311.9371542825045,03
213,18240,838.1709389162864,313.98079986979485,03
213,18250,834.4385051934977,316.08579747584,03
213,18260,830.7592213479192,318.15037492835256,03
213,18270,827.2313818438228,320.2963176249891,03
213,18280,823.8553147668705,322.67703842120267,03
213,18290,820.5651405161749,325.1749514158076,03
213,18300,817.2342836434173,327.57319198636065,03
213,18310,813.890434578453,329.85082826763977,03
213,18320,810.5383833719437,332.03850346045596,03
213,18330,807.1405314070485,334.0428443854639,03
213,18340,803.6827710003107,335.85899537486904,03
213,18350,800.1595903126117,337.4977176383781,03
213,18360,796.5766324173346,338.99490374739094,03
213,18370,792.9550260310986,340.4122338063241,03
213,18380,789.3108473513316,341.81650605591796,03
213,18390,785.7059077167146,343.28416445536965,03
213,18400,782.2389609114465,345.06652262161043,03
213,18410,778.8673557994945,347.03864553463063,03
213,18420,775.6048063615217,349.08747487537727,03
213,18430,772.3694224163451,351.1462780202424,03
213,18440,769.0149433759385,353.19274514422415,03
213,18450,765.646881589134,355.2684775092376,03
213,18460,762.2401056942382,357.273080902775,03
213,18470,758.6718460366093,359.1131165283585,03
213,18480,755.109360686628,360.8866163817309,03
213,18490,751.4506806206097,362.51149343031244,03
213,18500,747.7784834253257,364.07810246536,03
213,18510,744.171575276738,365.7838198210067,03
213,18520,740.5693259445476,367.57346148893913,03
213,18530,737.1113030692803,369.4930906960729,03
213,18540,733.7366795692398,371.499465752184,03
213,18550,730.4096284901592,373.5469827502834,03
213,18560,727.1048872360799,375.6131350139726,03
213,18570,723.7987680222213,377.67508778119094,03
213,18580,720.472898051523,379.7145338720104,03
213,18590,717.1139570461163,381.71710313444464,03
213,18600,713.7136116301916,383.67223121018407,03
213,18610,710.267859158675,385.57276583180163,03
213,18620,706.7766996315668,387.4148355884882,03
213,18630,703.2440700768084,389.19732498899367,03
213,18640,699.6773196132236,390.92174322736236,03
213,18650,696.0868157477254,392.59196171440334,03
213,18660,692.48581314105,394.21368914063163,03
213,18670,688.8899286706983,395.7944714762686,03
213,18680,685.3168789624074,397.3432326513148,03
213,18690,681.7791312713249,398.8768362687863,03
213,18700,678.3148747684835,400.3635236366219,03
213,18710,674.9068521480729,401.9725869563051,03
213,18720,671.4120180615527,403.54149259098523,03
213,18730,667.8506482028214,405.04504356183685,03
213,18740,664.3169687739452,406.6242510862972,03
213,18750,660.6571075995445,408.0920407200136,03
213,18760,657.0343201049261,409.7121277179331,03
213,18770,653.5031341270795,411.3471098048977,03
213,18780,650.0231295124721,412.9764488184796,03
213,18790,646.6350545002985,414.79542134457614,03
213,18800,643.2306408221675,416.5898530631708,03
213,18810,639.8151378486681,418.4609255923596,03
213,18820,636.3257499841335,420.2982709155163,03
213,18830,632.7515191674601,422.00674419072203,03
213,18840,629.1930364625526,423.86797415005714,03
213,18850,625.6235300794089,425.7502015917468,03
213,18860,622.0710841506783,427.65067059623203,03
213,18870,618.5042680699613,429.44661150887083,03
213,18880,614.9550373807162,431.0577745767896,03
213,18890,611.4414367943416,432.78055238684925,03
213,18900,607.95880749444,434.44913044558126,03
213,18910,604.5189605648358,436.17230195843507,03
213,18920,601.0467643889789,438.01115647563614,03
213,18930,597.5243711068684,439.89613983688474,03
213,18940,594.0626736721889,441.8996277391721,03
213,18950,590.640477751189,443.9071182865332,03
213,18960,587.2125075225415,445.8671676471995,03
213,18970,583.7569124811713,447.78194118653875,03
213,18980,580.2959368349478,449.60596623182687,03
213,18990,576.8319428006358,451.48005714910414,03
213,19000,573.2797593404347,453.34765197027804,03
213,19010,569.6903709661865,455.24438079821874,03
213,19020,566.0712580309802,457.1856636590307,03
213,19030,562.488825072762,459.0534553316015,03
