trackId,frame,x,y,sceneId
6,000002,441.2,259.77,train_386
7,000002,440.37,240.11,train_386
1,000002,94.0,241.76,train_386
12,000002,579.51,94.34,train_386
22,000002,264.12,11.81,train_386
19,000002,347.46,46.7,train_386
20,000002,333.14,13.65,train_386
28,000002,179.28,174.39,train_386
13,000002,547.78,103.78,train_386
17,000002,425.36,54.44,train_386
21,000002,319.82,47.07,train_386
3,000002,218.73,257.57,train_386
24,000002,297.05,137.04,train_386
18,000002,400.0,41.05,train_386
11,000002,573.37,139.01,train_386
27,000002,202.75,158.8,train_386
8,000002,600.82,196.02,train_386
5,000002,380.59,267.7,train_386
9,000002,550.03,200.28,train_386
16,000002,448.96,53.47,train_386
4,000002,251.95,264.21,train_386
23,000002,247.91,5.31,train_386
15,000002,708.3,39.47,train_386
26,000002,240.78,161.3,train_386
10,000002,560.54,147.02,train_386
2,000002,117.74,230.37,train_386
25,000002,391.58,196.34,train_386
14,000002,668.1,45.52,train_386
18,000003,395.1,47.4,train_386
19,000003,351.22,44.42,train_386
17,000003,430.45,52.95,train_386
7,000003,443.63,235.14,train_386
16,000003,450.24,50.0,train_386
9,000003,546.9,201.61,train_386
2,000003,118.27,230.32,train_386
23,000003,244.84,5.54,train_386
3,000003,218.1,255.96,train_386
10,000003,560.75,147.18,train_386
21,000003,324.58,43.86,train_386
24,000003,291.93,139.69,train_386
28,000003,186.22,176.87,train_386
27,000003,210.54,160.03,train_386
14,000003,670.29,44.48,train_386
26,000003,246.04,164.77,train_386
22,000003,261.59,13.28,train_386
11,000003,573.63,138.07,train_386
13,000003,554.5,105.76,train_386
5,000003,380.22,263.24,train_386
8,000003,601.65,197.49,train_386
4,000003,253.03,262.81,train_386
6,000003,462.4,255.06,train_386
25,000003,389.27,193.88,train_386
1,000003,92.81,242.07,train_386
12,000003,584.64,97.58,train_386
20,000003,326.26,16.45,train_386
15,000003,709.18,36.65,train_386
4,000004,252.64,266.51,train_386
6,000004,485.81,251.42,train_386
9,000004,544.8,202.86,train_386
3,000004,218.57,256.39,train_386
13,000004,562.53,109.86,train_386
1,000004,89.74,241.82,train_386
19,000004,356.57,42.38,train_386
23,000004,241.76,7.79,train_386
17,000004,435.28,49.88,train_386
2,000004,118.16,230.01,train_386
28,000004,192.07,179.72,train_386
11,000004,573.77,138.61,train_386
20,000004,318.53,21.12,train_386
25,000004,386.87,188.85,train_386
22,000004,259.34,15.81,train_386
21,000004,331.38,43.64,train_386
15,000004,713.08,33.91,train_386
14,000004,672.72,42.17,train_386
8,000004,603.51,200.94,train_386
7,000004,445.94,228.96,train_386
12,000004,592.93,102.16,train_386
5,000004,380.7,256.38,train_386
16,000004,452.3,49.44,train_386
18,000004,390.43,56.32,train_386
26,000004,254.46,167.37,train_386
27,000004,216.44,162.35,train_386
24,000004,288.77,144.18,train_386
10,000004,561.94,146.76,train_386
20,000005,309.99,25.33,train_386
14,000005,677.69,39.53,train_386
2,000005,117.38,230.7,train_386
24,000005,288.97,148.92,train_386
15,000005,718.35,33.24,train_386
13,000005,572.08,114.86,train_386
21,000005,336.78,36.64,train_386
1,000005,85.82,240.39,train_386
16,000005,455.98,46.8,train_386
4,000005,252.78,264.39,train_386
8,000005,604.81,202.32,train_386
23,000005,237.91,9.71,train_386
19,000005,358.52,36.47,train_386
22,000005,255.38,18.24,train_386
26,000005,262.46,169.09,train_386
12,000005,602.26,106.26,train_386
5,000005,383.67,249.5,train_386
18,000005,385.58,63.02,train_386
11,000005,574.34,138.91,train_386
6,000005,511.07,251.74,train_386
3,000005,221.14,256.84,train_386
9,000005,542.14,204.07,train_386
27,000005,220.1,168.46,train_386
28,000005,196.06,183.29,train_386
7,000005,445.99,224.34,train_386
25,000005,388.09,183.59,train_386
17,000005,437.73,48.89,train_386
10,000005,560.65,147.17,train_386
23,000006,234.38,11.14,train_386
4,000006,253.59,264.01,train_386
1,000006,81.29,238.23,train_386
11,000006,573.47,138.06,train_386
14,000006,683.13,39.32,train_386
26,000006,268.23,172.16,train_386
10,000006,561.43,147.32,train_386
9,000006,539.18,204.72,train_386
21,000006,340.29,35.43,train_386
6,000006,532.95,247.42,train_386
18,000006,380.73,70.3,train_386
16,000006,457.72,43.1,train_386
2,000006,118.14,229.49,train_386
8,000006,604.14,204.04,train_386
5,000006,389.13,247.54,train_386
7,000006,443.27,219.15,train_386
27,000006,223.95,171.88,train_386
3,000006,220.91,257.98,train_386
25,000006,393.83,182.45,train_386
19,000006,360.7,36.08,train_386
22,000006,252.43,18.81,train_386
20,000006,300.85,30.66,train_386
28,000006,201.09,184.3,train_386
13,000006,581.82,115.75,train_386
24,000006,287.13,152.3,train_386
12,000006,611.15,107.67,train_386
17,000006,437.79,46.77,train_386
23,000007,232.25,14.42,train_386
24,000007,284.21,158.26,train_386
22,000007,250.65,22.4,train_386
12,000007,618.27,112.5,train_386
20,000007,291.37,35.95,train_386
7,000007,441.39,212.73,train_386
3,000007,218.33,258.06,train_386
5,000007,394.6,239.17,train_386
11,000007,575.18,137.53,train_386
18,000007,375.46,77.78,train_386
25,000007,402.43,178.21,train_386
17,000007,438.81,44.21,train_386
13,000007,589.35,120.17,train_386
1,000007,78.3,238.13,train_386
14,000007,689.2,37.67,train_386
27,000007,226.84,174.62,train_386
6,000007,554.48,248.21,train_386
2,000007,118.37,230.23,train_386
10,000007,562.12,147.3,train_386
19,000007,361.82,31.81,train_386
21,000007,342.34,32.58,train_386
8,000007,601.97,204.53,train_386
4,000007,253.35,263.25,train_386
16,000007,459.22,42.1,train_386
28,000007,206.89,187.73,train_386
9,000007,536.94,204.84,train_386
26,000007,270.77,176.79,train_386
14,000008,692.64,35.88,train_386
22,000008,249.95,25.11,train_386
1,000008,76.2,238.63,train_386
11,000008,576.23,136.6,train_386
28,000008,217.93,192.29,train_386
2,000008,118.45,232.58,train_386
9,000008,534.92,205.71,train_386
16,000008,457.47,40.3,train_386
26,000008,273.22,179.1,train_386
29,000008,557.32,0.9,train_386
12,000008,624.77,116.66,train_386
20,000008,281.04,41.89,train_386
18,000008,369.23,85.82,train_386
23,000008,231.02,16.51,train_386
17,000008,440.32,42.51,train_386
13,000008,597.56,125.13,train_386
10,000008,562.03,146.86,train_386
24,000008,279.22,162.19,train_386
4,000008,254.43,264.3,train_386
27,000008,234.98,178.57,train_386
19,000008,364.38,29.13,train_386
5,000008,397.34,232.21,train_386
25,000008,406.04,173.57,train_386
7,000008,443.29,209.65,train_386
8,000008,596.42,204.76,train_386
21,000008,347.06,29.21,train_386
3,000008,219.29,258.01,train_386
6,000008,576.64,242.88,train_386
5,000009,397.77,229.43,train_386
10,000009,563.0,147.49,train_386
17,000009,442.81,40.51,train_386
27,000009,243.94,181.72,train_386
26,000009,277.57,181.54,train_386
21,000009,350.41,28.04,train_386
7,000009,446.81,206.39,train_386
19,000009,368.1,27.98,train_386
16,000009,456.56,36.97,train_386
11,000009,576.12,137.97,train_386
18,000009,360.96,92.58,train_386
2,000009,118.29,233.41,train_386
4,000009,252.83,263.58,train_386
29,000009,554.69,1.82,train_386
9,000009,534.2,206.98,train_386
1,000009,75.44,239.67,train_386
6,000009,599.98,244.43,train_386
22,000009,247.88,25.8,train_386
8,000009,589.65,205.43,train_386
28,000009,224.2,193.55,train_386
20,000009,270.26,48.75,train_386
25,000009,407.12,171.15,train_386
14,000009,695.7,34.86,train_386
13,000009,605.75,128.76,train_386
24,000009,276.07,165.89,train_386
3,000009,219.03,257.94,train_386
30,000009,538.81,3.1,train_386
23,000009,228.6,18.15,train_386
12,000009,633.69,120.76,train_386
14,000010,700.35,32.37,train_386
23,000010,224.98,21.01,train_386
22,000010,244.71,29.4,train_386
11,000010,575.93,137.27,train_386
1,000010,74.81,239.9,train_386
19,000010,370.97,23.37,train_386
27,000010,251.65,184.43,train_386
17,000010,443.06,37.81,train_386
5,000010,398.93,221.51,train_386
29,000010,553.76,4.29,train_386
8,000010,584.86,205.36,train_386
21,000010,354.0,23.61,train_386
24,000010,271.83,173.79,train_386
13,000010,614.73,133.72,train_386
26,000010,283.18,184.59,train_386
2,000010,118.57,233.54,train_386
16,000010,456.46,35.95,train_386
7,000010,450.15,199.93,train_386
25,000010,404.35,167.9,train_386
12,000010,644.41,125.88,train_386
18,000010,348.59,100.57,train_386
28,000010,231.92,196.8,train_386
10,000010,563.13,146.49,train_386
20,000010,259.84,55.46,train_386
6,000010,620.46,237.2,train_386
4,000010,252.01,263.96,train_386
3,000010,218.72,258.08,train_386
30,000010,536.62,3.29,train_386
9,000010,534.4,206.58,train_386
24,000011,269.25,176.99,train_386
3,000011,218.71,258.04,train_386
26,000011,292.75,186.48,train_386
5,000011,401.97,217.69,train_386
4,000011,252.6,264.84,train_386
6,000011,641.09,235.81,train_386
18,000011,335.61,106.74,train_386
21,000011,355.42,20.65,train_386
11,000011,575.89,137.57,train_386
23,000011,221.11,22.38,train_386
16,000011,458.02,33.7,train_386
19,000011,373.18,22.19,train_386
8,000011,584.09,206.13,train_386
12,000011,652.73,128.48,train_386
7,000011,452.45,196.61,train_386
17,000011,441.36,37.62,train_386
30,000011,534.43,4.41,train_386
22,000011,241.41,31.16,train_386
2,000011,119.79,234.78,train_386
25,000011,403.9,163.6,train_386
29,000011,552.55,5.41,train_386
1,000011,75.79,240.34,train_386
28,000011,236.53,200.3,train_386
13,000011,625.64,137.79,train_386
20,000011,249.96,63.17,train_386
27,000011,257.58,186.96,train_386
10,000011,563.2,147.92,train_386
14,000011,707.25,32.73,train_386
9,000011,535.66,207.5,train_386
24,000012,263.39,178.05,train_386
16,000012,459.73,30.23,train_386
26,000012,300.45,189.6,train_386
19,000012,374.3,20.96,train_386
29,000012,550.87,8.67,train_386
14,000012,714.21,31.58,train_386
3,000012,219.62,257.83,train_386
17,000012,440.13,33.63,train_386
10,000012,563.35,148.04,train_386
20,000012,239.49,70.32,train_386
1,000012,78.26,239.75,train_386
7,000012,451.19,192.74,train_386
11,000012,577.09,138.43,train_386
5,000012,405.23,214.6,train_386
22,000012,238.97,33.39,train_386
28,000012,242.23,205.48,train_386
8,000012,584.04,205.99,train_386
2,000012,125.14,235.09,train_386
18,000012,317.77,113.53,train_386
13,000012,633.98,140.73,train_386
4,000012,252.1,265.31,train_386
21,000012,354.48,19.99,train_386
27,000012,263.07,191.5,train_386
23,000012,218.76,24.97,train_386
6,000012,659.57,227.77,train_386
30,000012,531.5,7.34,train_386
9,000012,536.77,207.45,train_386
25,000012,405.05,162.6,train_386
12,000012,659.97,133.39,train_386
3,000013,220.71,258.13,train_386
26,000013,306.01,193.57,train_386
29,000013,549.27,10.52,train_386
7,000013,450.78,188.1,train_386
11,000013,576.53,138.68,train_386
28,000013,248.49,207.64,train_386
25,000013,409.37,161.95,train_386
19,000013,375.95,17.14,train_386
23,000013,217.05,29.17,train_386
18,000013,295.56,123.36,train_386
21,000013,355.99,14.56,train_386
2,000013,135.02,234.73,train_386
22,000013,239.23,38.19,train_386
14,000013,719.19,30.23,train_386
27,000013,266.84,194.94,train_386
1,000013,83.43,240.0,train_386
20,000013,230.25,78.84,train_386
9,000013,537.82,208.83,train_386
8,000013,584.11,207.18,train_386
12,000013,665.48,138.49,train_386
4,000013,251.9,265.69,train_386
5,000013,408.03,206.74,train_386
30,000013,527.43,9.07,train_386
17,000013,439.53,32.9,train_386
6,000013,678.5,226.83,train_386
10,000013,564.53,148.2,train_386
16,000013,458.41,29.25,train_386
13,000013,639.95,147.96,train_386
24,000013,256.21,187.6,train_386
21,000014,359.77,14.6,train_386
19,000014,378.76,15.71,train_386
2,000014,146.93,235.0,train_386
22,000014,237.61,39.51,train_386
16,000014,455.99,29.9,train_386
12,000014,671.9,142.4,train_386
27,000014,271.77,197.97,train_386
5,000014,407.21,203.28,train_386
6,000014,697.12,225.31,train_386
11,000014,577.26,138.35,train_386
17,000014,440.85,31.69,train_386
7,000014,451.06,183.38,train_386
10,000014,564.43,147.64,train_386
18,000014,270.08,133.52,train_386
9,000014,538.07,209.85,train_386
30,000014,525.68,10.68,train_386
25,000014,415.05,157.41,train_386
20,000014,218.94,86.62,train_386
28,000014,256.94,214.95,train_386
4,000014,253.55,264.56,train_386
23,000014,215.29,30.09,train_386
8,000014,584.78,207.25,train_386
24,000014,252.05,190.17,train_386
29,000014,547.64,12.5,train_386
26,000014,310.35,197.94,train_386
1,000014,88.32,239.17,train_386
3,000014,222.0,258.71,train_386
13,000014,646.19,150.15,train_386
22,000015,236.04,41.6,train_386
6,000015,709.66,222.2,train_386
18,000015,239.9,143.41,train_386
9,000015,537.76,209.52,train_386
2,000015,156.08,236.43,train_386
23,000015,212.4,33.07,train_386
17,000015,441.85,28.7,train_386
28,000015,265.88,217.17,train_386
11,000015,577.4,139.53,train_386
13,000015,654.08,156.21,train_386
1,000015,93.69,239.55,train_386
16,000015,453.74,26.26,train_386
4,000015,253.59,267.31,train_386
19,000015,381.64,13.25,train_386
5,000015,407.3,199.24,train_386
25,000015,417.58,153.55,train_386
20,000015,208.92,94.94,train_386
10,000015,564.37,149.31,train_386
7,000015,454.53,182.45,train_386
30,000015,524.29,14.1,train_386
8,000015,583.67,208.23,train_386
3,000015,222.48,260.0,train_386
27,000015,279.24,202.43,train_386
29,000015,546.83,15.55,train_386
24,000015,250.72,196.22,train_386
26,000015,314.34,200.72,train_386
12,000015,679.69,148.44,train_386
21,000015,363.52,11.75,train_386
30,000016,522.58,15.12,train_386
28,000016,272.09,220.23,train_386
22,000016,232.31,44.73,train_386
9,000016,537.88,209.15,train_386
23,000016,207.78,35.38,train_386
18,000016,205.14,155.13,train_386
26,000016,320.23,202.89,train_386
27,000016,287.66,205.07,train_386
25,000016,416.29,152.79,train_386
7,000016,459.62,177.47,train_386
3,000016,224.43,261.31,train_386
10,000016,564.21,148.2,train_386
5,000016,406.13,192.84,train_386
16,000016,453.27,23.1,train_386
29,000016,545.68,16.38,train_386
1,000016,98.34,239.09,train_386
4,000016,254.4,266.39,train_386
19,000016,382.63,9.15,train_386
24,000016,251.11,201.65,train_386
8,000016,583.6,208.03,train_386
20,000016,196.39,102.26,train_386
11,000016,577.63,138.72,train_386
12,000016,689.33,151.53,train_386
17,000016,441.91,27.04,train_386
21,000016,363.14,7.63,train_386
2,000016,160.69,235.12,train_386
13,000016,663.51,160.53,train_386
23,000017,202.61,36.81,train_386
8,000017,584.26,207.64,train_386
12,000017,695.56,153.06,train_386
2,000017,165.08,234.02,train_386
9,000017,538.43,208.69,train_386
1,000017,103.02,236.74,train_386
13,000017,669.79,163.49,train_386
20,000017,185.24,109.19,train_386
3,000017,223.2,261.37,train_386
16,000017,454.95,22.52,train_386
18,000017,170.53,168.74,train_386
25,000017,412.75,148.75,train_386
30,000017,522.25,16.5,train_386
7,000017,461.92,172.59,train_386
24,000017,250.34,203.49,train_386
17,000017,438.95,25.31,train_386
22,000017,229.66,45.82,train_386
29,000017,545.21,18.43,train_386
4,000017,254.33,266.51,train_386
21,000017,361.39,6.79,train_386
11,000017,578.63,138.99,train_386
26,000017,327.81,208.13,train_386
5,000017,406.4,189.59,train_386
10,000017,564.72,149.44,train_386
28,000017,273.94,224.52,train_386
27,000017,295.72,207.26,train_386
19,000017,382.6,8.24,train_386
3,000018,222.0,261.43,train_386
16,000018,457.1,18.57,train_386
1,000018,109.74,235.15,train_386
29,000018,542.4,21.04,train_386
24,000018,247.73,207.1,train_386
5,000018,408.6,183.27,train_386
28,000018,274.46,228.66,train_386
22,000018,226.45,48.46,train_386
17,000018,436.22,21.46,train_386
13,000018,674.46,169.05,train_386
23,000018,199.4,39.81,train_386
19,000018,382.02,2.96,train_386
7,000018,462.06,169.15,train_386
12,000018,700.86,158.04,train_386
21,000018,361.51,1.73,train_386
2,000018,170.5,230.03,train_386
4,000018,255.62,266.45,train_386
30,000018,520.19,19.36,train_386
9,000018,538.39,207.93,train_386
8,000018,584.31,207.26,train_386
26,000018,336.14,211.72,train_386
27,000018,302.36,211.68,train_386
11,000018,577.97,138.62,train_386
25,000018,411.17,143.1,train_386
18,000018,137.59,181.37,train_386
20,000018,173.41,115.19,train_386
10,000018,565.01,148.38,train_386
25,000019,411.56,140.12,train_386
3,000019,223.24,261.79,train_386
10,000019,564.56,148.34,train_386
5,000019,408.28,177.12,train_386
21,000019,363.84,0.9,train_386
24,000019,245.51,212.28,train_386
27,000019,308.92,217.48,train_386
22,000019,224.73,51.34,train_386
29,000019,539.96,21.89,train_386
7,000019,459.67,163.7,train_386
20,000019,159.47,124.05,train_386
13,000019,678.85,173.34,train_386
8,000019,586.83,209.39,train_386
19,000019,383.27,1.91,train_386
23,000019,196.79,42.41,train_386
17,000019,435.19,19.78,train_386
2,000019,177.24,227.81,train_386
28,000019,279.74,233.05,train_386
4,000019,254.54,265.44,train_386
18,000019,106.26,196.94,train_386
16,000019,457.11,16.07,train_386
1,000019,115.38,231.11,train_386
26,000019,341.58,215.66,train_386
9,000019,538.41,207.99,train_386
30,000019,519.54,20.22,train_386
12,000019,704.08,162.08,train_386
11,000019,577.63,138.67,train_386
2,000020,185.14,226.73,train_386
22,000020,223.03,52.95,train_386
11,000020,577.55,138.55,train_386
25,000020,415.16,139.38,train_386
17,000020,435.37,17.97,train_386
29,000020,539.73,23.9,train_386
3,000020,221.71,261.71,train_386
9,000020,539.22,207.84,train_386
18,000020,77.92,213.0,train_386
12,000020,709.59,166.87,train_386
23,000020,193.38,44.47,train_386
13,000020,685.23,176.61,train_386
24,000020,246.0,215.11,train_386
27,000020,315.1,220.88,train_386
19,000020,386.36,1.08,train_386
16,000020,457.17,16.11,train_386
5,000020,406.32,174.17,train_386
1,000020,122.09,227.53,train_386
8,000020,590.38,212.99,train_386
7,000020,460.66,158.24,train_386
26,000020,345.37,220.68,train_386
28,000020,281.99,237.06,train_386
10,000020,565.47,148.38,train_386
20,000020,144.03,134.26,train_386
21,000020,367.73,0.58,train_386
4,000020,254.97,264.39,train_386
30,000020,519.38,23.44,train_386
7,000021,461.85,156.65,train_386
1,000021,133.23,227.52,train_386
23,000021,188.83,48.25,train_386
16,000021,455.95,13.18,train_386
30,000021,520.51,27.13,train_386
11,000021,578.93,139.01,train_386
20,000021,128.09,146.16,train_386
8,000021,593.59,216.04,train_386
22,000021,220.26,56.22,train_386
3,000021,222.57,261.5,train_386
24,000021,248.18,223.41,train_386
5,000021,402.12,171.06,train_386
25,000021,418.14,135.75,train_386
28,000021,287.63,242.32,train_386
27,000021,320.99,223.47,train_386
12,000021,716.75,175.5,train_386
18,000021,49.65,231.98,train_386
17,000021,434.94,16.79,train_386
10,000021,565.65,148.48,train_386
4,000021,255.8,265.14,train_386
26,000021,348.9,224.46,train_386
29,000021,539.05,27.9,train_386
2,000021,194.79,226.51,train_386
13,000021,691.98,184.64,train_386
9,000021,538.75,208.41,train_386
1,000022,141.54,225.18,train_386
17,000022,434.28,16.64,train_386
9,000022,539.81,209.41,train_386
10,000022,565.84,149.06,train_386
30,000022,521.09,28.38,train_386
11,000022,578.79,139.56,train_386
18,000022,21.31,253.25,train_386
16,000022,456.16,10.62,train_386
3,000022,225.11,259.49,train_386
23,000022,183.94,50.01,train_386
13,000022,699.54,188.79,train_386
28,000022,292.97,245.13,train_386
26,000022,354.05,228.57,train_386
25,000022,419.28,133.45,train_386
27,000022,329.15,229.05,train_386
5,000022,398.36,166.61,train_386
7,000022,466.31,153.9,train_386
8,000022,595.84,219.56,train_386
22,000022,214.67,59.68,train_386
2,000022,203.13,222.78,train_386
24,000022,249.78,228.39,train_386
20,000022,115.02,157.66,train_386
29,000022,538.02,29.98,train_386
4,000022,255.75,266.67,train_386
29,000023,536.64,32.68,train_386
17,000023,431.03,13.85,train_386
10,000023,566.06,149.61,train_386
1,000023,150.98,222.98,train_386
13,000023,700.82,192.3,train_386
2,000023,211.61,221.52,train_386
25,000023,417.97,132.88,train_386
8,000023,597.03,220.86,train_386
27,000023,336.15,232.34,train_386
20,000023,101.69,170.71,train_386
26,000023,360.11,233.75,train_386
9,000023,539.49,209.8,train_386
22,000023,210.69,61.22,train_386
16,000023,457.24,11.19,train_386
7,000023,469.4,147.86,train_386
5,000023,396.35,162.26,train_386
4,000023,255.93,266.81,train_386
11,000023,578.97,139.74,train_386
30,000023,520.67,30.82,train_386
28,000023,296.84,249.65,train_386
23,000023,180.19,51.94,train_386
3,000023,224.62,261.0,train_386
24,000023,250.39,231.9,train_386
30,000024,519.33,33.54,train_386
8,000024,595.63,222.16,train_386
10,000024,566.51,149.51,train_386
22,000024,207.52,65.23,train_386
29,000024,534.36,35.13,train_386
5,000024,394.73,157.84,train_386
16,000024,458.98,7.01,train_386
11,000024,579.83,138.85,train_386
28,000024,298.95,256.01,train_386
3,000024,225.9,262.48,train_386
1,000024,159.34,219.82,train_386
27,000024,340.34,237.74,train_386
17,000024,429.21,11.41,train_386
2,000024,220.85,220.87,train_386
24,000024,247.88,237.35,train_386
20,000024,91.77,185.44,train_386
4,000024,255.58,266.89,train_386
25,000024,414.25,129.1,train_386
23,000024,176.55,57.03,train_386
7,000024,470.19,147.02,train_386
26,000024,369.44,237.3,train_386
13,000024,701.5,196.13,train_386
9,000024,540.14,210.03,train_386
25,000025,409.83,126.57,train_386
10,000025,566.35,150.17,train_386
2,000025,229.93,217.37,train_386
29,000025,533.96,36.25,train_386
8,000025,591.55,223.99,train_386
22,000025,204.45,68.29,train_386
9,000025,541.2,210.97,train_386
5,000025,391.42,151.99,train_386
26,000025,375.31,242.51,train_386
30,000025,518.74,35.45,train_386
1,000025,167.17,217.62,train_386
17,000025,428.63,9.1,train_386
16,000025,458.22,5.94,train_386
24,000025,244.05,242.68,train_386
27,000025,342.72,243.4,train_386
4,000025,255.53,266.85,train_386
7,000025,468.1,141.53,train_386
28,000025,302.9,260.69,train_386
23,000025,173.4,58.99,train_386
11,000025,580.54,139.75,train_386
20,000025,85.72,201.39,train_386
13,000025,700.42,194.38,train_386
3,000025,225.21,261.93,train_386
5,000026,386.87,149.32,train_386
13,000026,702.75,193.65,train_386
8,000026,587.75,223.81,train_386
10,000026,566.73,150.36,train_386
27,000026,344.3,247.31,train_386
25,000026,407.76,124.18,train_386
7,000026,468.38,137.65,train_386
28,000026,307.08,264.61,train_386
2,000026,239.49,214.94,train_386
24,000026,239.87,246.13,train_386
1,000026,173.37,213.46,train_386
22,000026,201.37,68.98,train_386
3,000026,225.41,262.57,train_386
16,000026,455.87,4.58,train_386
29,000026,533.58,40.54,train_386
20,000026,83.5,218.17,train_386
11,000026,580.74,138.38,train_386
9,000026,542.06,210.62,train_386
4,000026,257.08,267.05,train_386
17,000026,430.6,9.01,train_386
26,000026,380.03,247.47,train_386
23,000026,168.51,61.29,train_386
30,000026,518.62,39.07,train_386
2,000027,249.39,216.9,train_386
26,000027,382.64,252.26,train_386
29,000027,533.82,42.73,train_386
13,000027,704.59,196.96,train_386
24,000027,234.85,253.01,train_386
3,000027,226.52,261.69,train_386
27,000027,346.86,253.07,train_386
7,000027,469.24,135.7,train_386
10,000027,566.86,149.12,train_386
30,000027,518.6,41.75,train_386
17,000027,431.14,5.4,train_386
4,000027,257.68,267.88,train_386
1,000027,183.02,210.64,train_386
28,000027,310.59,270.82,train_386
5,000027,382.29,143.67,train_386
16,000027,452.16,2.68,train_386
11,000027,580.65,139.58,train_386
8,000027,582.79,226.39,train_386
20,000027,84.55,236.12,train_386
22,000027,195.8,73.99,train_386
9,000027,542.55,210.47,train_386
25,000027,409.28,122.67,train_386
23,000027,162.81,64.53,train_386
20,000028,89.15,254.51,train_386
5,000028,378.67,139.6,train_386
29,000028,533.77,44.94,train_386
9,000028,541.82,210.01,train_386
26,000028,386.0,256.24,train_386
10,000028,566.96,151.37,train_386
8,000028,582.41,226.61,train_386
30,000028,516.84,43.71,train_386
28,000028,316.45,274.72,train_386
17,000028,430.35,5.13,train_386
3,000028,226.84,262.09,train_386
7,000028,471.3,131.85,train_386
4,000028,258.37,265.77,train_386
2,000028,261.77,217.34,train_386
13,000028,709.87,195.14,train_386
22,000028,190.27,75.59,train_386
16,000028,451.4,1.04,train_386
27,000028,351.76,258.01,train_386
11,000028,580.16,141.19,train_386
1,000028,191.56,209.69,train_386
23,000028,157.77,65.93,train_386
25,000028,411.16,119.82,train_386
30,000029,514.8,47.26,train_386
11,000029,579.07,141.41,train_386
23,000029,154.27,71.01,train_386
27,000029,358.42,261.2,train_386
10,000029,567.15,151.01,train_386
13,000029,711.65,191.05,train_386
5,000029,378.63,135.6,train_386
28,000029,318.18,278.42,train_386
25,000029,411.32,117.16,train_386
26,000029,391.43,259.77,train_386
16,000029,451.13,1.9,train_386
8,000029,582.6,226.6,train_386
22,000029,185.33,78.2,train_386
9,000029,543.48,210.22,train_386
20,000029,95.35,273.46,train_386
17,000029,428.51,4.37,train_386
1,000029,200.95,209.72,train_386
29,000029,532.47,49.06,train_386
4,000029,258.19,268.54,train_386
3,000029,225.78,263.33,train_386
2,000029,272.1,214.97,train_386
7,000029,469.78,126.87,train_386
1,000030,210.04,207.99,train_386
23,000030,151.88,73.44,train_386
10,000030,566.76,150.86,train_386
3,000030,226.98,262.37,train_386
32,000030,190.44,0.84,train_386
16,000030,453.79,0.72,train_386
25,000030,410.39,114.02,train_386
27,000030,362.57,265.1,train_386
4,000030,258.84,266.98,train_386
22,000030,181.94,82.0,train_386
17,000030,428.18,0.55,train_386
28,000030,317.48,284.35,train_386
9,000030,542.38,209.84,train_386
20,000030,104.42,299.21,train_386
2,000030,281.84,213.58,train_386
13,000030,712.38,195.36,train_386
30,000030,511.52,49.17,train_386
8,000030,583.61,229.02,train_386
5,000030,376.02,131.05,train_386
26,000030,398.18,266.52,train_386
29,000030,530.73,50.21,train_386
31,000030,202.88,2.45,train_386
7,000030,467.52,123.74,train_386
11,000030,577.41,138.38,train_386
30,000031,511.12,50.96,train_386
20,000031,111.72,324.96,train_386
25,000031,407.16,113.16,train_386
10,000031,567.62,150.46,train_386
32,000031,189.48,3.67,train_386
1,000031,221.37,206.99,train_386
5,000031,371.67,126.65,train_386
7,000031,462.23,119.76,train_386
8,000031,583.88,231.0,train_386
4,000031,259.03,268.24,train_386
13,000031,709.89,199.99,train_386
31,000031,204.33,4.56,train_386
23,000031,147.97,75.27,train_386
24,000031,204.83,270.65,train_386
3,000031,227.49,263.26,train_386
2,000031,292.06,215.5,train_386
22,000031,177.88,83.85,train_386
9,000031,542.96,209.88,train_386
29,000031,529.53,53.02,train_386
11,000031,577.16,138.87,train_386
17,000031,428.96,0.95,train_386
27,000031,365.05,270.83,train_386
28,000031,314.58,288.45,train_386
16,000031,454.42,0.39,train_386
26,000031,405.29,270.08,train_386
2,000032,302.3,214.79,train_386
13,000032,712.46,203.53,train_386
1,000032,232.47,205.64,train_386
10,000032,567.32,151.39,train_386
24,000032,199.56,276.82,train_386
3,000032,228.91,264.38,train_386
4,000032,259.75,267.41,train_386
5,000032,366.3,124.49,train_386
32,000032,186.96,6.22,train_386
8,000032,583.86,231.14,train_386
11,000032,576.42,139.58,train_386
25,000032,402.94,111.16,train_386
29,000032,528.85,55.83,train_386
26,000032,408.95,275.41,train_386
20,000032,119.55,354.6,train_386
27,000032,365.53,274.9,train_386
31,000032,203.91,6.55,train_386
30,000032,510.98,54.9,train_386
23,000032,141.68,79.74,train_386
9,000032,542.29,209.82,train_386
28,000032,313.44,292.1,train_386
7,000032,459.24,115.13,train_386
22,000032,173.89,87.18,train_386
10,000033,567.3,150.58,train_386
25,000033,399.31,107.24,train_386
24,000033,195.48,285.31,train_386
13,000033,719.02,211.74,train_386
31,000033,203.04,11.63,train_386
30,000033,510.85,56.68,train_386
27,000033,367.63,279.9,train_386
28,000033,316.21,298.65,train_386
1,000033,243.14,201.68,train_386
2,000033,309.13,212.82,train_386
22,000033,168.35,88.72,train_386
11,000033,576.27,140.64,train_386
26,000033,411.11,280.99,train_386
7,000033,457.88,113.52,train_386
4,000033,260.86,268.74,train_386
23,000033,136.44,80.43,train_386
32,000033,185.84,7.95,train_386
5,000033,362.88,119.63,train_386
9,000033,542.64,210.38,train_386
20,000033,125.49,386.16,train_386
29,000033,528.06,58.2,train_386
3,000033,226.53,262.39,train_386
8,000033,586.73,229.78,train_386
20,000034,128.22,422.6,train_386
8,000034,588.41,227.86,train_386
2,000034,313.04,211.34,train_386
31,000034,199.97,12.15,train_386
30,000034,509.35,59.96,train_386
32,000034,184.3,10.76,train_386
7,000034,455.88,107.41,train_386
10,000034,567.72,151.91,train_386
23,000034,131.6,83.45,train_386
11,000034,575.91,139.64,train_386
27,000034,372.62,285.93,train_386
26,000034,412.12,283.96,train_386
4,000034,261.39,267.88,train_386
9,000034,542.31,209.87,train_386
25,000034,398.68,105.97,train_386
28,000034,318.69,304.4,train_386
5,000034,360.31,117.02,train_386
22,000034,163.25,91.65,train_386
29,000034,526.91,61.37,train_386
24,000034,191.71,291.47,train_386
3,000034,226.73,263.11,train_386
1,000034,255.11,200.58,train_386
1,000035,265.17,202.66,train_386
33,000035,712.96,182.49,train_386
22,000035,160.52,95.34,train_386
7,000035,452.69,103.55,train_386
29,000035,525.62,63.88,train_386
30,000035,507.41,63.48,train_386
31,000035,197.72,16.11,train_386
5,000035,360.1,112.27,train_386
9,000035,542.99,209.84,train_386
28,000035,319.13,308.12,train_386
3,000035,227.81,262.51,train_386
26,000035,416.49,288.27,train_386
4,000035,263.92,268.53,train_386
2,000035,316.8,211.27,train_386
24,000035,187.91,296.68,train_386
11,000035,575.87,140.87,train_386
10,000035,567.78,151.21,train_386
27,000035,378.43,292.5,train_386
23,000035,127.44,88.92,train_386
25,000035,400.58,104.36,train_386
8,000035,589.93,226.47,train_386
20,000035,131.1,464.59,train_386
32,000035,182.57,12.26,train_386
3,000036,229.22,262.48,train_386
20,000036,129.33,508.59,train_386
33,000036,705.81,179.5,train_386
22,000036,157.8,98.49,train_386
30,000036,506.06,64.39,train_386
9,000036,542.48,210.72,train_386
32,000036,179.39,16.98,train_386
27,000036,381.44,296.41,train_386
34,000036,715.51,162.02,train_386
7,000036,446.47,101.46,train_386
10,000036,567.99,151.67,train_386
5,000036,357.71,108.08,train_386
25,000036,401.86,101.69,train_386
2,000036,319.19,211.85,train_386
29,000036,524.3,66.16,train_386
28,000036,318.11,312.77,train_386
24,000036,181.88,304.73,train_386
31,000036,197.16,18.88,train_386
4,000036,268.13,268.97,train_386
8,000036,590.63,224.08,train_386
1,000036,273.89,200.57,train_386
11,000036,576.48,141.89,train_386
23,000036,123.07,90.72,train_386
26,000036,422.81,295.45,train_386
32,000037,174.67,17.43,train_386
1,000037,280.96,200.26,train_386
25,000037,401.17,99.0,train_386
10,000037,568.91,151.58,train_386
26,000037,432.5,300.75,train_386
7,000037,442.71,96.31,train_386
4,000037,272.11,269.73,train_386
27,000037,383.26,303.0,train_386
2,000037,319.19,211.82,train_386
28,000037,314.9,317.74,train_386
3,000037,229.31,261.99,train_386
29,000037,523.74,69.93,train_386
33,000037,702.2,174.97,train_386
34,000037,707.44,160.17,train_386
31,000037,194.61,18.85,train_386
9,000037,543.31,210.99,train_386
22,000037,154.04,99.11,train_386
30,000037,505.0,68.31,train_386
11,000037,578.26,142.04,train_386
24,000037,176.66,309.62,train_386
20,000037,125.45,557.68,train_386
5,000037,354.16,103.98,train_386
8,000037,591.58,222.41,train_386
5,000038,350.43,100.03,train_386
34,000038,701.25,158.51,train_386
11,000038,578.97,142.33,train_386
26,000038,439.39,306.3,train_386
27,000038,382.6,308.03,train_386
29,000038,522.94,72.42,train_386
22,000038,149.44,102.83,train_386
2,000038,317.89,211.57,train_386
7,000038,439.25,93.26,train_386
28,000038,312.93,321.8,train_386
25,000038,398.39,97.08,train_386
1,000038,289.79,198.02,train_386
31,000038,192.04,22.74,train_386
8,000038,590.4,222.74,train_386
33,000038,698.86,171.24,train_386
24,000038,175.99,316.38,train_386
30,000038,504.55,72.03,train_386
3,000038,230.05,260.78,train_386
20,000038,118.14,614.13,train_386
9,000038,542.79,210.78,train_386
32,000038,172.14,19.45,train_386
10,000038,568.29,151.41,train_386
4,000038,273.19,268.12,train_386
33,000039,695.25,169.46,train_386
32,000039,169.49,23.28,train_386
5,000039,350.29,94.88,train_386
10,000039,569.03,151.7,train_386
1,000039,294.94,195.92,train_386
25,000039,394.88,93.24,train_386
22,000039,143.18,104.7,train_386
31,000039,186.11,23.96,train_386
29,000039,521.35,74.34,train_386
34,000039,695.12,156.87,train_386
26,000039,440.6,313.45,train_386
20,000039,107.2,679.77,train_386
2,000039,317.22,212.24,train_386
11,000039,578.94,142.05,train_386
7,000039,437.35,89.73,train_386
27,000039,382.19,311.66,train_386
9,000039,542.55,209.57,train_386
28,000039,312.49,327.29,train_386
24,000039,177.94,324.16,train_386
8,000039,590.57,222.23,train_386
4,000039,277.15,269.2,train_386
30,000039,503.87,72.89,train_386
3,000039,230.3,260.24,train_386
25,000040,392.49,91.4,train_386
34,000040,688.75,155.07,train_386
20,000040,88.63,752.26,train_386
28,000040,313.68,333.6,train_386
5,000040,351.66,93.69,train_386
3,000040,229.36,260.21,train_386
10,000040,568.9,151.12,train_386
30,000040,501.63,76.76,train_386
11,000040,580.02,142.18,train_386
29,000040,518.96,78.94,train_386
26,000040,441.37,320.81,train_386
22,000040,138.07,107.42,train_386
9,000040,543.02,210.45,train_386
4,000040,278.94,269.0,train_386
1,000040,297.77,195.59,train_386
32,000040,168.28,24.96,train_386
27,000040,383.15,317.24,train_386
24,000040,177.91,328.93,train_386
33,000040,690.43,167.53,train_386
2,000040,316.62,212.58,train_386
8,000040,590.18,222.61,train_386
31,000040,183.28,26.6,train_386
7,000040,433.81,84.18,train_386
7,000041,428.91,82.48,train_386
33,000041,683.0,168.35,train_386
3,000041,228.4,261.21,train_386
30,000041,498.69,79.59,train_386
24,000041,177.17,338.03,train_386
29,000041,516.94,80.41,train_386
25,000041,392.2,89.24,train_386
20,000041,66.91,840.89,train_386
28,000041,315.53,339.27,train_386
2,000041,316.6,211.96,train_386
34,000041,681.59,153.28,train_386
26,000041,444.01,325.19,train_386
4,000041,278.96,268.27,train_386
8,000041,591.27,221.66,train_386
22,000041,134.56,111.38,train_386
1,000041,300.11,194.72,train_386
32,000041,164.6,28.68,train_386
27,000041,385.73,326.42,train_386
31,000041,180.71,30.76,train_386
10,000041,569.38,150.84,train_386
5,000041,353.55,88.55,train_386
11,000041,580.31,141.78,train_386
9,000041,543.02,210.28,train_386
4,000042,277.5,267.76,train_386
10,000042,568.97,150.91,train_386
27,000042,389.67,332.43,train_386
24,000042,175.49,345.76,train_386
30,000042,496.08,80.76,train_386
3,000042,227.3,260.99,train_386
11,000042,580.19,141.69,train_386
5,000042,352.3,84.71,train_386
32,000042,159.5,30.74,train_386
28,000042,317.09,343.88,train_386
2,000042,317.06,211.88,train_386
7,000042,422.73,78.31,train_386
1,000042,301.27,195.49,train_386
22,000042,132.3,113.67,train_386
31,000042,179.34,31.95,train_386
20,000042,42.22,942.79,train_386
29,000042,515.7,82.88,train_386
34,000042,673.65,154.17,train_386
9,000042,542.89,210.34,train_386
26,000042,447.82,333.89,train_386
8,000042,591.09,221.06,train_386
25,000042,394.6,87.43,train_386
33,000042,674.57,165.44,train_386
27,000043,391.22,339.71,train_386
28,000043,316.26,350.5,train_386
22,000043,127.61,117.11,train_386
25,000043,396.69,84.93,train_386
9,000043,542.86,210.47,train_386
31,000043,176.83,35.88,train_386
2,000043,317.63,212.24,train_386
26,000043,454.16,341.3,train_386
35,000043,2.68,314.9,train_386
5,000043,351.91,84.17,train_386
20,000043,9.53,1069.57,train_386
10,000043,568.87,151.73,train_386
33,000043,669.55,165.52,train_386
30,000043,494.32,86.1,train_386
8,000043,590.41,222.14,train_386
34,000043,667.61,156.04,train_386
32,000043,156.34,32.95,train_386
7,000043,418.95,74.95,train_386
1,000043,302.09,195.43,train_386
11,000043,580.13,142.72,train_386
29,000043,515.36,87.19,train_386
4,000043,274.46,268.72,train_386
3,000043,227.41,261.86,train_386
24,000043,174.74,350.05,train_386
11,000044,581.23,142.94,train_386
35,000044,17.15,307.08,train_386
5,000044,352.11,78.1,train_386
23,000044,82.05,113.68,train_386
33,000044,667.31,164.93,train_386
26,000044,456.52,346.94,train_386
36,000044,715.46,166.85,train_386
9,000044,543.95,210.94,train_386
32,000044,152.49,36.04,train_386
28,000044,314.96,357.13,train_386
4,000044,271.7,269.05,train_386
24,000044,176.69,356.59,train_386
25,000044,397.07,82.55,train_386
10,000044,568.97,150.86,train_386
34,000044,662.31,155.87,train_386
27,000044,388.43,350.25,train_386
3,000044,226.7,262.03,train_386
29,000044,514.58,89.38,train_386
1,000044,301.68,196.12,train_386
7,000044,417.76,74.07,train_386
30,000044,492.56,88.5,train_386
8,000044,590.76,222.3,train_386
31,000044,172.83,39.13,train_386
2,000044,318.65,212.16,train_386
22,000044,123.38,120.67,train_386
34,000045,656.88,155.26,train_386
1,000045,302.28,195.76,train_386
37,000045,524.21,1.56,train_386
7,000045,417.34,70.28,train_386
11,000045,581.73,142.17,train_386
23,000045,77.8,116.52,train_386
4,000045,266.44,270.44,train_386
27,000045,384.89,354.64,train_386
33,000045,665.65,163.48,train_386
2,000045,318.91,212.81,train_386
9,000045,543.89,210.57,train_386
28,000045,315.66,361.74,train_386
25,000045,394.72,81.74,train_386
10,000045,569.01,150.95,train_386
8,000045,590.43,222.78,train_386
24,000045,181.57,363.15,train_386
29,000045,512.72,92.89,train_386
32,000045,150.25,37.11,train_386
3,000045,226.98,262.65,train_386
22,000045,115.96,122.64,train_386
31,000045,168.66,40.31,train_386
26,000045,455.14,356.95,train_386
38,000045,710.4,148.29,train_386
5,000045,354.25,75.57,train_386
36,000045,708.54,163.55,train_386
30,000045,490.23,90.67,train_386
35,000045,26.88,301.44,train_386
3,000046,226.85,261.69,train_386
30,000046,487.26,94.91,train_386
10,000046,569.86,150.72,train_386
22,000046,110.83,124.54,train_386
27,000046,382.55,359.46,train_386
1,000046,303.51,196.52,train_386
4,000046,265.35,271.37,train_386
25,000046,391.55,78.63,train_386
7,000046,416.42,66.47,train_386
31,000046,166.87,45.08,train_386
38,000046,700.74,147.17,train_386
26,000046,452.62,366.47,train_386
32,000046,146.98,41.89,train_386
23,000046,74.09,121.07,train_386
2,000046,318.92,213.42,train_386
29,000046,510.47,96.42,train_386
36,000046,699.99,160.08,train_386
5,000046,356.9,72.29,train_386
37,000046,525.76,4.26,train_386
24,000046,182.03,367.11,train_386
8,000046,590.54,222.56,train_386
33,000046,663.28,162.84,train_386
11,000046,580.55,142.78,train_386
9,000046,543.74,210.0,train_386
34,000046,652.62,154.7,train_386
28,000046,318.1,368.16,train_386
35,000046,38.47,297.9,train_386
35,000047,46.58,292.33,train_386
37,000047,526.19,5.75,train_386
36,000047,694.43,158.5,train_386
30,000047,483.88,97.5,train_386
11,000047,582.53,142.83,train_386
3,000047,226.11,261.95,train_386
23,000047,69.27,123.27,train_386
38,000047,692.2,146.95,train_386
27,000047,385.87,368.26,train_386
2,000047,319.28,212.9,train_386
26,000047,452.85,373.12,train_386
8,000047,591.08,222.27,train_386
7,000047,412.81,64.4,train_386
32,000047,142.29,44.55,train_386
22,000047,107.24,130.03,train_386
34,000047,649.93,154.01,train_386
9,000047,544.05,211.21,train_386
33,000047,662.23,163.11,train_386
29,000047,508.14,98.32,train_386
31,000047,165.7,47.83,train_386
5,000047,358.58,68.11,train_386
1,000047,302.8,199.1,train_386
4,000047,264.66,270.6,train_386
10,000047,569.97,150.35,train_386
28,000047,321.73,374.25,train_386
24,000047,176.86,374.31,train_386
25,000047,390.04,76.25,train_386
25,000048,391.6,74.44,train_386
32,000048,139.07,47.81,train_386
37,000048,525.46,9.34,train_386
8,000048,590.84,222.85,train_386
5,000048,359.21,68.1,train_386
24,000048,170.54,378.9,train_386
35,000048,55.36,285.78,train_386
26,000048,454.45,380.19,train_386
11,000048,582.61,142.97,train_386
9,000048,544.32,212.39,train_386
2,000048,319.09,213.78,train_386
10,000048,570.99,150.58,train_386
31,000048,163.53,50.99,train_386
28,000048,325.84,379.24,train_386
30,000048,482.76,101.42,train_386
33,000048,662.51,164.03,train_386
1,000048,303.42,199.31,train_386
4,000048,265.11,269.67,train_386
38,000048,684.97,145.88,train_386
3,000048,226.48,263.19,train_386
27,000048,393.1,377.69,train_386
23,000048,62.82,127.26,train_386
7,000048,408.57,61.01,train_386
22,000048,104.31,133.02,train_386
29,000048,506.95,103.59,train_386
34,000048,647.83,153.31,train_386
36,000048,686.84,157.43,train_386
27,000049,395.32,382.82,train_386
8,000049,589.47,224.09,train_386
28,000049,329.12,385.1,train_386
5,000049,359.4,63.87,train_386
34,000049,646.99,153.44,train_386
38,000049,677.17,143.81,train_386
2,000049,318.88,215.79,train_386
30,000049,482.51,105.8,train_386
36,000049,679.89,156.18,train_386
37,000049,521.77,10.84,train_386
4,000049,266.92,267.9,train_386
35,000049,66.32,281.42,train_386
33,000049,660.72,166.26,train_386
10,000049,569.35,150.36,train_386
7,000049,410.51,58.07,train_386
32,000049,135.38,51.67,train_386
11,000049,581.34,144.15,train_386
29,000049,505.86,106.24,train_386
3,000049,226.99,263.45,train_386
24,000049,167.27,379.28,train_386
26,000049,458.62,387.38,train_386
1,000049,303.06,199.72,train_386
23,000049,55.69,129.91,train_386
22,000049,99.98,134.98,train_386
31,000049,159.07,55.55,train_386
25,000049,394.77,75.07,train_386
9,000049,543.63,212.77,train_386
31,000050,154.15,57.51,train_386
36,000050,676.21,155.01,train_386
8,000050,591.27,223.06,train_386
35,000050,78.55,277.27,train_386
32,000050,133.96,54.1,train_386
9,000050,543.85,212.53,train_386
30,000050,482.01,108.53,train_386
3,000050,226.52,263.52,train_386
25,000050,397.76,72.49,train_386
11,000050,582.68,144.0,train_386
38,000050,669.31,142.28,train_386
24,000050,164.92,381.33,train_386
1,000050,303.44,200.09,train_386
28,000050,330.29,391.37,train_386
27,000050,396.23,390.19,train_386
22,000050,92.67,140.26,train_386
26,000050,462.22,393.6,train_386
5,000050,360.22,61.07,train_386
2,000050,320.26,214.41,train_386
37,000050,520.55,14.84,train_386
10,000050,567.4,151.19,train_386
23,000050,49.09,132.77,train_386
33,000050,657.29,169.72,train_386
34,000050,645.63,154.04,train_386
4,000050,271.13,267.15,train_386
29,000050,504.31,109.5,train_386
7,000050,410.4,56.68,train_386
9,000051,543.62,212.06,train_386
5,000051,362.92,61.01,train_386
34,000051,644.13,153.88,train_386
38,000051,662.05,142.28,train_386
26,000051,464.33,402.87,train_386
8,000051,589.71,223.32,train_386
22,000051,84.76,142.22,train_386
28,000051,328.44,399.03,train_386
3,000051,226.05,264.17,train_386
29,000051,501.99,114.89,train_386
33,000051,654.86,170.33,train_386
11,000051,583.58,144.14,train_386
4,000051,274.05,265.26,train_386
24,000051,162.07,385.24,train_386
1,000051,304.46,199.9,train_386
31,000051,150.22,61.31,train_386
35,000051,87.52,272.62,train_386
36,000051,672.32,154.73,train_386
7,000051,411.25,53.03,train_386
10,000051,561.05,150.1,train_386
37,000051,520.79,18.07,train_386
32,000051,130.5,58.1,train_386
2,000051,319.65,215.09,train_386
27,000051,395.78,398.64,train_386
30,000051,480.12,112.93,train_386
25,000051,398.98,71.16,train_386
34,000052,642.02,153.85,train_386
8,000052,589.44,223.6,train_386
28,000052,327.1,405.8,train_386
29,000052,499.01,116.96,train_386
37,000052,520.3,19.6,train_386
4,000052,275.67,264.45,train_386
35,000052,96.72,266.82,train_386
27,000052,394.69,405.12,train_386
36,000052,669.17,154.71,train_386
38,000052,656.84,142.12,train_386
3,000052,226.4,264.31,train_386
11,000052,584.67,144.58,train_386
1,000052,304.16,200.44,train_386
32,000052,125.71,60.91,train_386
7,000052,410.49,49.6,train_386
5,000052,364.53,55.46,train_386
30,000052,477.74,116.65,train_386
9,000052,543.45,212.58,train_386
10,000052,556.07,149.31,train_386
26,000052,462.44,411.24,train_386
24,000052,157.91,389.21,train_386
22,000052,79.88,146.92,train_386
2,000052,320.93,214.84,train_386
33,000052,652.47,171.85,train_386
25,000052,399.04,69.5,train_386
31,000052,148.6,65.31,train_386
27,000053,396.06,411.01,train_386
8,000053,589.0,222.94,train_386
35,000053,102.84,260.06,train_386
11,000053,585.45,144.83,train_386
10,000053,554.48,148.52,train_386
1,000053,304.28,200.38,train_386
22,000053,75.16,151.3,train_386
2,000053,320.79,214.9,train_386
5,000053,365.47,53.29,train_386
34,000053,638.45,154.68,train_386
26,000053,463.03,418.65,train_386
31,000053,144.33,67.33,train_386
30,000053,476.3,118.64,train_386
38,000053,652.51,142.96,train_386
9,000053,543.73,212.51,train_386
29,000053,497.11,120.71,train_386
36,000053,666.15,154.15,train_386
33,000053,649.28,173.4,train_386
24,000053,150.58,390.25,train_386
4,000053,277.18,262.68,train_386
3,000053,226.55,263.96,train_386
28,000053,326.47,412.83,train_386
7,000053,407.73,49.38,train_386
32,000053,123.13,64.48,train_386
37,000053,518.2,22.54,train_386
25,000053,395.23,69.28,train_386
9,000054,543.49,212.75,train_386
2,000054,321.16,215.18,train_386
7,000054,404.39,46.27,train_386
8,000054,587.67,225.02,train_386
22,000054,69.3,152.9,train_386
3,000054,225.35,263.66,train_386
36,000054,663.38,154.54,train_386
10,000054,553.74,147.34,train_386
34,000054,634.84,157.34,train_386
5,000054,364.98,51.09,train_386
4,000054,278.1,262.69,train_386
1,000054,303.6,200.63,train_386
38,000054,647.32,144.67,train_386
26,000054,465.26,428.07,train_386
24,000054,142.68,389.21,train_386
37,000054,513.3,24.49,train_386
35,000054,110.5,254.66,train_386
28,000054,325.61,421.83,train_386
30,000054,473.99,123.8,train_386
25,000054,393.37,68.22,train_386
29,000054,495.84,126.04,train_386
27,000054,398.05,421.29,train_386
11,000054,586.32,144.73,train_386
31,000054,139.27,72.26,train_386
33,000054,644.71,175.19,train_386
1,000055,303.66,200.47,train_386
28,000055,327.14,429.42,train_386
38,000055,644.98,145.49,train_386
11,000055,586.5,145.45,train_386
35,000055,119.09,251.7,train_386
30,000055,471.88,127.56,train_386
31,000055,132.71,74.86,train_386
33,000055,636.4,174.05,train_386
29,000055,495.05,128.21,train_386
34,000055,630.93,158.02,train_386
22,000055,62.6,157.74,train_386
2,000055,321.08,215.78,train_386
10,000055,553.61,148.34,train_386
5,000055,364.25,47.96,train_386
4,000055,280.32,264.81,train_386
8,000055,588.63,223.91,train_386
27,000055,401.48,432.47,train_386
25,000055,393.57,65.68,train_386
36,000055,660.64,154.18,train_386
37,000055,510.2,26.08,train_386
26,000055,471.16,439.73,train_386
7,000055,402.33,43.89,train_386
3,000055,225.4,264.28,train_386
24,000055,133.74,383.26,train_386
9,000055,544.37,213.35,train_386
30,000056,468.44,130.01,train_386
38,000056,643.51,142.94,train_386
9,000056,543.76,212.94,train_386
11,000056,587.14,146.03,train_386
4,000056,280.55,265.2,train_386
1,000056,302.64,199.63,train_386
35,000056,127.56,245.98,train_386
3,000056,224.25,263.1,train_386
27,000056,406.49,438.27,train_386
29,000056,493.59,131.92,train_386
25,000056,395.12,64.99,train_386
31,000056,128.68,78.57,train_386
26,000056,476.31,448.49,train_386
33,000056,629.76,172.6,train_386
37,000056,508.87,29.84,train_386
24,000056,121.98,375.92,train_386
36,000056,656.92,153.63,train_386
2,000056,320.25,215.86,train_386
5,000056,364.11,45.61,train_386
8,000056,587.16,223.73,train_386
34,000056,627.52,158.43,train_386
7,000056,400.78,42.79,train_386
28,000056,326.65,435.06,train_386
22,000056,54.82,160.4,train_386
10,000056,557.32,146.84,train_386
4,000057,280.81,263.58,train_386
2,000057,318.88,215.54,train_386
36,000057,652.02,154.01,train_386
33,000057,624.77,172.25,train_386
27,000057,407.77,444.75,train_386
29,000057,489.95,135.21,train_386
26,000057,478.07,455.27,train_386
8,000057,587.01,225.18,train_386
37,000057,508.21,30.03,train_386
31,000057,127.39,81.73,train_386
34,000057,621.42,159.57,train_386
5,000057,365.12,42.59,train_386
10,000057,559.07,146.08,train_386
11,000057,588.09,145.3,train_386
1,000057,302.76,199.52,train_386
35,000057,135.3,239.94,train_386
24,000057,103.75,375.92,train_386
28,000057,322.08,444.68,train_386
38,000057,642.09,141.5,train_386
9,000057,543.42,212.13,train_386
3,000057,222.69,262.04,train_386
7,000057,398.92,38.81,train_386
30,000057,465.15,134.18,train_386
25,000057,399.72,60.73,train_386
26,000058,474.77,467.83,train_386
29,000058,488.63,136.53,train_386
4,000058,281.4,263.71,train_386
27,000058,408.21,456.4,train_386
11,000058,588.91,145.29,train_386
30,000058,460.95,135.68,train_386
33,000058,619.62,174.42,train_386
9,000058,543.89,212.04,train_386
3,000058,219.55,259.74,train_386
34,000058,613.29,161.21,train_386
38,000058,642.13,141.52,train_386
5,000058,365.89,40.07,train_386
1,000058,302.75,198.6,train_386
37,000058,507.14,33.64,train_386
2,000058,319.4,214.6,train_386
8,000058,587.63,223.99,train_386
35,000058,143.37,235.33,train_386
36,000058,649.87,154.77,train_386
28,000058,318.71,451.97,train_386
24,000058,81.87,375.01,train_386
25,000058,403.07,58.29,train_386
7,000058,395.44,35.05,train_386
10,000058,559.48,144.7,train_386
37,000059,503.04,36.05,train_386
36,000059,648.77,155.88,train_386
7,000059,392.15,33.45,train_386
33,000059,615.34,176.31,train_386
34,000059,605.15,159.79,train_386
3,000059,215.63,256.18,train_386
27,000059,408.83,464.37,train_386
28,000059,317.77,459.81,train_386
35,000059,147.55,228.61,train_386
11,000059,590.12,144.33,train_386
4,000059,281.11,263.24,train_386
24,000059,63.48,366.16,train_386
29,000059,486.22,141.73,train_386
10,000059,559.57,142.0,train_386
26,000059,471.21,474.47,train_386
1,000059,303.46,199.26,train_386
5,000059,366.19,36.66,train_386
8,000059,589.0,223.17,train_386
38,000059,641.6,141.41,train_386
9,000059,544.28,211.69,train_386
25,000059,403.56,58.31,train_386
2,000059,320.19,214.18,train_386
30,000059,459.63,139.86,train_386
24,000060,47.38,364.22,train_386
35,000060,155.33,223.36,train_386
5,000060,365.47,35.28,train_386
37,000060,499.95,37.5,train_386
1,000060,303.53,198.74,train_386
30,000060,458.42,145.59,train_386
29,000060,484.41,145.34,train_386
10,000060,560.57,140.88,train_386
4,000060,278.63,263.33,train_386
11,000060,590.71,144.88,train_386
8,000060,588.03,224.18,train_386
33,000060,611.37,179.14,train_386
9,000060,544.35,211.49,train_386
27,000060,407.18,475.87,train_386
2,000060,319.71,214.69,train_386
34,000060,597.51,159.4,train_386
39,000060,420.49,0.39,train_386
3,000060,211.45,254.22,train_386
36,000060,647.73,157.27,train_386
26,000060,470.86,484.96,train_386
7,000060,390.19,30.42,train_386
38,000060,640.2,141.24,train_386
25,000060,402.54,57.33,train_386
28,000060,320.98,468.08,train_386
3,000061,211.08,254.5,train_386
1,000061,305.2,199.27,train_386
34,000061,592.04,161.49,train_386
2,000061,320.15,214.33,train_386
28,000061,326.79,480.16,train_386
33,000061,609.22,178.3,train_386
7,000061,392.28,29.18,train_386
11,000061,591.19,144.84,train_386
25,000061,400.37,53.6,train_386
8,000061,588.94,222.85,train_386
40,000061,398.65,2.62,train_386
29,000061,483.4,148.02,train_386
37,000061,500.0,42.18,train_386
39,000061,413.62,2.3,train_386
35,000061,164.28,219.97,train_386
10,000061,562.19,140.98,train_386
5,000061,365.24,31.81,train_386
38,000061,638.34,140.32,train_386
26,000061,474.33,498.2,train_386
30,000061,457.02,147.99,train_386
24,000061,30.69,352.29,train_386
36,000061,645.03,158.32,train_386
9,000061,545.22,212.88,train_386
27,000061,405.41,484.3,train_386
4,000061,273.67,263.22,train_386
37,000062,499.71,44.31,train_386
8,000062,588.93,222.99,train_386
11,000062,590.15,145.01,train_386
40,000062,390.5,1.67,train_386
9,000062,545.79,211.48,train_386
26,000062,479.8,506.98,train_386
33,000062,602.73,180.38,train_386
2,000062,320.42,213.76,train_386
27,000062,406.92,492.22,train_386
24,000062,13.42,349.97,train_386
3,000062,211.71,254.59,train_386
25,000062,399.69,51.18,train_386
5,000062,365.61,30.49,train_386
28,000062,332.19,490.05,train_386
4,000062,266.36,262.32,train_386
34,000062,586.67,161.9,train_386
10,000062,563.3,140.96,train_386
7,000062,396.58,27.6,train_386
1,000062,305.27,198.87,train_386
36,000062,642.21,160.41,train_386
30,000062,455.62,151.89,train_386
38,000062,635.52,140.77,train_386
29,000062,479.96,152.88,train_386
35,000062,174.59,213.02,train_386
39,000062,406.62,4.6,train_386
3,000063,212.84,255.34,train_386
38,000063,634.12,142.93,train_386
29,000063,477.61,155.62,train_386
8,000063,589.82,223.31,train_386
2,000063,320.21,213.98,train_386
7,000063,400.8,24.99,train_386
9,000063,545.68,211.57,train_386
34,000063,582.86,163.14,train_386
27,000063,414.12,500.29,train_386
28,000063,336.77,499.04,train_386
1,000063,305.26,198.91,train_386
37,000063,498.35,47.27,train_386
4,000063,259.61,264.26,train_386
5,000063,369.9,29.29,train_386
10,000063,563.69,141.38,train_386
35,000063,182.28,207.99,train_386
39,000063,398.9,4.56,train_386
40,000063,382.29,3.47,train_386
36,000063,636.68,161.97,train_386
11,000063,589.86,145.17,train_386
33,000063,596.25,181.32,train_386
25,000063,402.8,50.78,train_386
30,000063,453.06,156.46,train_386
26,000063,481.51,514.59,train_386
1,000064,304.59,198.95,train_386
40,000064,391.1,6.68,train_386
38,000064,630.78,144.69,train_386
34,000064,576.1,165.02,train_386
25,000064,407.43,49.05,train_386
7,000064,401.77,22.99,train_386
30,000064,451.81,159.84,train_386
35,000064,189.4,204.29,train_386
11,000064,589.33,145.33,train_386
27,000064,415.39,510.3,train_386
26,000064,480.98,526.03,train_386
29,000064,474.83,159.9,train_386
5,000064,372.15,26.81,train_386
3,000064,214.72,256.24,train_386
9,000064,545.5,212.51,train_386
39,000064,5.25,267.27,train_386
2,000064,318.87,214.36,train_386
33,000064,585.68,179.75,train_386
36,000064,632.05,161.77,train_386
37,000064,493.26,52.55,train_386
10,000064,563.16,141.18,train_386
4,000064,254.51,265.42,train_386
28,000064,339.64,509.99,train_386
41,000064,371.43,4.0,train_386
8,000064,590.95,224.12,train_386
30,000065,450.75,165.93,train_386
36,000065,628.39,162.18,train_386
27,000065,417.0,519.04,train_386
8,000065,590.42,223.61,train_386
4,000065,251.55,265.48,train_386
3,000065,215.86,256.36,train_386
28,000065,342.39,518.78,train_386
38,000065,625.95,148.7,train_386
5,000065,371.57,26.55,train_386
10,000065,563.27,141.45,train_386
37,000065,491.91,52.89,train_386
34,000065,570.18,167.17,train_386
1,000065,304.28,198.84,train_386
9,000065,545.13,212.33,train_386
26,000065,477.69,536.0,train_386
11,000065,588.95,145.33,train_386
40,000065,381.75,6.55,train_386
29,000065,474.65,166.19,train_386
41,000065,362.2,3.37,train_386
25,000065,411.55,46.76,train_386
7,000065,402.63,22.63,train_386
33,000065,579.77,179.59,train_386
2,000065,315.95,215.07,train_386
35,000065,195.51,200.59,train_386
39,000065,22.24,258.58,train_386
4,000066,250.88,267.12,train_386
11,000066,588.69,145.3,train_386
36,000066,625.2,163.81,train_386
33,000066,575.23,179.26,train_386
41,000066,352.88,6.56,train_386
31,000066,100.13,115.92,train_386
37,000066,490.55,58.14,train_386
39,000066,38.6,253.11,train_386
9,000066,545.76,212.21,train_386
7,000066,403.14,19.71,train_386
32,000066,70.52,113.02,train_386
29,000066,476.09,169.28,train_386
27,000066,416.2,527.09,train_386
8,000066,590.66,223.94,train_386
10,000066,562.88,141.89,train_386
1,000066,304.25,200.34,train_386
2,000066,312.09,214.46,train_386
25,000066,411.72,45.15,train_386
26,000066,479.2,545.44,train_386
3,000066,215.25,257.55,train_386
38,000066,621.27,149.68,train_386
40,000066,373.63,8.69,train_386
34,000066,563.18,168.33,train_386
28,000066,346.86,529.41,train_386
35,000066,201.89,193.75,train_386
5,000066,374.74,22.81,train_386
30,000066,451.0,169.74,train_386
26,000067,482.49,557.74,train_386
3,000067,214.7,256.32,train_386
29,000067,474.68,173.4,train_386
37,000067,489.83,60.76,train_386
32,000067,64.8,116.51,train_386
39,000067,53.43,247.34,train_386
28,000067,350.58,542.82,train_386
36,000067,620.43,167.54,train_386
11,000067,589.2,145.28,train_386
2,000067,308.23,215.43,train_386
10,000067,563.21,142.11,train_386
27,000067,414.48,536.9,train_386
8,000067,592.43,224.02,train_386
34,000067,555.1,166.31,train_386
4,000067,250.13,267.17,train_386
30,000067,449.41,172.68,train_386
35,000067,209.76,191.2,train_386
5,000067,376.76,20.86,train_386
41,000067,343.12,5.66,train_386
38,000067,614.58,151.96,train_386
40,000067,365.52,11.58,train_386
33,000067,570.71,181.13,train_386
9,000067,546.66,211.87,train_386
1,000067,304.2,200.5,train_386
31,000067,97.38,121.54,train_386
7,000067,404.61,17.25,train_386
25,000067,408.77,45.68,train_386
41,000068,332.61,6.42,train_386
8,000068,591.67,223.3,train_386
29,000068,473.48,179.85,train_386
38,000068,604.61,152.72,train_386
27,000068,416.74,547.09,train_386
4,000068,250.53,267.22,train_386
26,000068,490.73,569.05,train_386
40,000068,356.15,10.98,train_386
1,000068,303.84,201.96,train_386
30,000068,446.98,178.56,train_386
9,000068,546.3,212.39,train_386
35,000068,217.49,187.29,train_386
11,000068,588.11,145.82,train_386
37,000068,487.74,64.53,train_386
3,000068,215.37,257.72,train_386
32,000068,62.6,119.83,train_386
25,000068,404.68,42.54,train_386
2,000068,302.85,217.5,train_386
28,000068,353.16,552.45,train_386
7,000068,405.83,17.14,train_386
33,000068,564.91,183.92,train_386
36,000068,615.81,169.32,train_386
34,000068,546.64,167.65,train_386
39,000068,66.32,238.21,train_386
10,000068,562.78,141.75,train_386
5,000068,379.88,20.3,train_386
31,000068,95.77,124.86,train_386
8,000069,590.33,224.17,train_386
29,000069,473.62,181.9,train_386
31,000069,93.45,130.02,train_386
26,000069,495.99,578.82,train_386
41,000069,321.14,7.74,train_386
34,000069,539.27,166.37,train_386
2,000069,295.78,219.26,train_386
27,000069,422.85,554.35,train_386
9,000069,545.78,212.16,train_386
10,000069,563.81,140.51,train_386
32,000069,59.37,123.88,train_386
11,000069,588.67,144.73,train_386
36,000069,612.81,170.07,train_386
37,000069,482.16,66.99,train_386
28,000069,350.6,562.52,train_386
3,000069,216.27,257.21,train_386
33,000069,559.46,185.45,train_386
1,000069,302.52,203.1,train_386
38,000069,596.59,149.13,train_386
40,000069,345.29,12.83,train_386
35,000069,223.12,180.8,train_386
39,000069,81.12,235.17,train_386
25,000069,403.09,41.37,train_386
4,000069,250.18,266.19,train_386
30,000069,445.0,181.97,train_386
5,000069,380.94,16.42,train_386
7,000069,407.04,13.05,train_386
25,000070,403.72,39.12,train_386
31,000070,88.36,134.43,train_386
27,000070,430.07,563.69,train_386
35,000070,228.03,178.06,train_386
40,000070,334.21,11.84,train_386
32,000070,56.41,127.16,train_386
5,000070,381.96,12.83,train_386
10,000070,564.07,140.6,train_386
3,000070,218.21,258.21,train_386
39,000070,96.81,227.95,train_386
36,000070,607.81,171.73,train_386
38,000070,587.99,151.84,train_386
41,000070,312.63,6.88,train_386
4,000070,250.61,266.84,train_386
1,000070,298.34,203.64,train_386
26,000070,495.0,589.44,train_386
8,000070,590.93,224.2,train_386
37,000070,478.46,69.34,train_386
30,000070,445.19,185.48,train_386
2,000070,287.94,221.23,train_386
29,000070,473.79,188.17,train_386
9,000070,545.53,210.89,train_386
28,000070,344.94,575.22,train_386
33,000070,555.65,186.29,train_386
11,000070,590.44,141.78,train_386
34,000070,533.47,168.34,train_386
7,000070,406.56,9.93,train_386
39,000071,109.69,222.31,train_386
35,000071,230.73,173.34,train_386
37,000071,477.85,73.68,train_386
30,000071,447.75,191.4,train_386
26,000071,490.65,601.43,train_386
3,000071,218.87,257.88,train_386
38,000071,580.84,154.5,train_386
29,000071,476.91,194.04,train_386
1,000071,292.22,202.56,train_386
27,000071,435.04,575.36,train_386
40,000071,324.6,13.15,train_386
28,000071,339.29,585.66,train_386
34,000071,526.51,170.35,train_386
4,000071,250.28,266.92,train_386
33,000071,552.28,187.24,train_386
41,000071,303.34,8.92,train_386
25,000071,407.91,37.83,train_386
5,000071,381.63,11.63,train_386
9,000071,545.31,211.02,train_386
31,000071,83.13,136.92,train_386
10,000071,564.36,141.39,train_386
8,000071,590.34,223.17,train_386
2,000071,279.67,224.33,train_386
7,000071,404.72,9.55,train_386
32,000071,52.23,132.3,train_386
36,000071,601.45,174.27,train_386
11,000071,589.65,144.56,train_386
31,000072,81.88,143.63,train_386
33,000072,543.66,188.48,train_386
29,000072,478.67,196.53,train_386
9,000072,545.45,211.3,train_386
39,000072,122.16,215.33,train_386
1,000072,283.48,203.02,train_386
37,000072,476.5,76.75,train_386
2,000072,272.21,230.01,train_386
26,000072,486.73,612.17,train_386
3,000072,219.38,256.41,train_386
27,000072,436.19,584.88,train_386
28,000072,336.31,597.69,train_386
8,000072,589.83,223.61,train_386
11,000072,589.95,145.0,train_386
5,000072,381.81,8.01,train_386
35,000072,235.78,168.28,train_386
40,000072,315.4,15.12,train_386
41,000072,295.85,10.54,train_386
4,000072,250.56,267.32,train_386
38,000072,573.72,155.42,train_386
25,000072,410.49,34.62,train_386
34,000072,521.97,171.83,train_386
10,000072,564.14,140.27,train_386
7,000072,404.08,6.06,train_386
36,000072,592.69,173.92,train_386
30,000072,449.32,194.55,train_386
4,000073,250.9,265.33,train_386
28,000073,339.72,609.78,train_386
26,000073,485.4,621.94,train_386
37,000073,474.3,79.13,train_386
35,000073,240.18,165.42,train_386
7,000073,404.2,3.5,train_386
9,000073,545.28,212.01,train_386
27,000073,431.31,594.91,train_386
38,000073,566.35,155.33,train_386
2,000073,264.72,233.45,train_386
3,000073,220.65,256.68,train_386
25,000073,411.56,33.25,train_386
1,000073,274.64,203.5,train_386
30,000073,448.98,199.39,train_386
42,000073,469.77,1.0,train_386
29,000073,477.31,201.99,train_386
8,000073,590.03,222.23,train_386
33,000073,533.34,185.46,train_386
10,000073,564.22,139.07,train_386
40,000073,305.51,14.34,train_386
34,000073,517.49,172.45,train_386
39,000073,130.88,207.29,train_386
5,000073,383.7,5.5,train_386
36,000073,585.46,173.6,train_386
11,000073,590.5,142.94,train_386
31,000073,81.85,147.56,train_386
41,000073,287.68,11.03,train_386
30,000074,446.51,205.95,train_386
39,000074,143.22,203.89,train_386
5,000074,385.21,3.99,train_386
7,000074,406.7,2.38,train_386
28,000074,349.73,622.35,train_386
25,000074,410.42,32.45,train_386
41,000074,277.88,13.11,train_386
11,000074,590.18,143.44,train_386
1,000074,267.4,205.41,train_386
2,000074,253.38,232.11,train_386
42,000074,473.85,2.02,train_386
29,000074,473.86,206.99,train_386
34,000074,510.86,175.41,train_386
33,000074,526.08,184.13,train_386
3,000074,220.34,256.5,train_386
8,000074,589.28,222.69,train_386
40,000074,293.57,16.45,train_386
4,000074,253.17,266.76,train_386
37,000074,469.35,82.02,train_386
36,000074,578.25,174.96,train_386
27,000074,424.35,605.08,train_386
26,000074,486.87,637.12,train_386
35,000074,246.65,160.3,train_386
38,000074,558.23,157.77,train_386
10,000074,564.99,140.0,train_386
31,000074,79.62,152.58,train_386
9,000074,545.3,210.49,train_386
9,000075,545.87,209.91,train_386
25,000075,407.68,28.9,train_386
26,000075,492.58,651.0,train_386
41,000075,268.25,12.6,train_386
28,000075,350.42,631.21,train_386
3,000075,219.96,257.28,train_386
39,000075,154.55,197.43,train_386
11,000075,590.02,144.43,train_386
40,000075,281.6,15.7,train_386
43,000075,715.59,1018.15,train_386
1,000075,257.79,208.58,train_386
37,000075,464.95,85.74,train_386
27,000075,422.95,615.91,train_386
36,000075,570.55,177.36,train_386
4,000075,252.77,265.19,train_386
8,000075,589.73,222.15,train_386
31,000075,75.15,159.26,train_386
38,000075,547.88,157.7,train_386
2,000075,243.3,235.31,train_386
42,000075,476.4,4.19,train_386
34,000075,503.48,175.83,train_386
10,000075,565.6,139.62,train_386
35,000075,251.01,156.56,train_386
30,000075,446.21,208.93,train_386
33,000075,521.35,185.22,train_386
29,000075,472.44,211.2,train_386
3,000076,220.99,256.57,train_386
25,000076,406.56,26.4,train_386
31,000076,69.55,162.62,train_386
42,000076,479.66,6.46,train_386
10,000076,564.83,139.47,train_386
30,000076,444.72,216.15,train_386
11,000076,590.59,143.74,train_386
37,000076,462.31,91.0,train_386
28,000076,348.27,647.13,train_386
39,000076,162.76,190.73,train_386
41,000076,259.61,13.37,train_386
29,000076,472.82,218.44,train_386
26,000076,496.85,661.19,train_386
2,000076,233.87,239.51,train_386
1,000076,246.58,211.09,train_386
9,000076,545.47,209.82,train_386
27,000076,425.81,629.21,train_386
38,000076,540.35,156.86,train_386
40,000076,271.48,15.8,train_386
4,000076,252.47,266.21,train_386
35,000076,254.81,154.19,train_386
34,000076,496.43,175.4,train_386
8,000076,589.45,221.74,train_386
36,000076,564.19,177.83,train_386
33,000076,518.47,189.48,train_386
30,000077,446.59,221.07,train_386
3,000077,221.58,257.46,train_386
25,000077,408.35,26.6,train_386
35,000077,257.4,150.15,train_386
41,000077,250.08,15.48,train_386
34,000077,491.76,178.01,train_386
1,000077,234.79,211.88,train_386
10,000077,565.38,140.5,train_386
39,000077,169.39,186.74,train_386
27,000077,432.49,644.31,train_386
42,000077,483.2,8.32,train_386
8,000077,589.15,222.91,train_386
9,000077,544.34,210.9,train_386
36,000077,557.09,178.69,train_386
31,000077,65.32,168.97,train_386
37,000077,462.21,94.31,train_386
33,000077,517.02,192.16,train_386
38,000077,534.51,159.08,train_386
26,000077,494.57,675.66,train_386
11,000077,590.09,143.53,train_386
40,000077,260.29,18.58,train_386
28,000077,342.63,658.3,train_386
29,000077,474.42,222.56,train_386
2,000077,221.61,239.33,train_386
4,000077,252.74,266.66,train_386
38,000078,528.38,160.72,train_386
35,000078,260.46,145.34,train_386
10,000078,564.44,139.82,train_386
3,000078,219.79,257.47,train_386
34,000078,490.21,181.99,train_386
4,000078,253.05,266.66,train_386
33,000078,514.46,195.05,train_386
8,000078,588.63,223.07,train_386
36,000078,549.04,180.31,train_386
25,000078,412.95,25.31,train_386
11,000078,590.88,143.48,train_386
29,000078,472.64,227.91,train_386
42,000078,487.49,12.19,train_386
31,000078,62.68,175.13,train_386
39,000078,175.77,179.28,train_386
9,000078,546.44,210.83,train_386
1,000078,220.35,216.76,train_386
27,000078,433.49,655.68,train_386
41,000078,241.17,15.21,train_386
40,000078,249.73,17.94,train_386
37,000078,459.67,96.23,train_386
2,000078,210.42,240.88,train_386
26,000078,488.17,689.24,train_386
28,000078,341.87,671.63,train_386
30,000078,445.71,224.68,train_386
10,000079,564.24,139.83,train_386
30,000079,443.22,232.67,train_386
38,000079,520.26,163.19,train_386
25,000079,417.61,24.58,train_386
9,000079,546.09,211.5,train_386
37,000079,452.77,101.79,train_386
36,000079,538.92,181.76,train_386
34,000079,489.81,183.53,train_386
41,000079,230.14,17.24,train_386
35,000079,264.58,144.1,train_386
31,000079,58.46,179.43,train_386
3,000079,223.31,257.64,train_386
11,000079,590.33,143.38,train_386
1,000079,207.1,217.61,train_386
4,000079,253.43,266.19,train_386
2,000079,198.48,246.51,train_386
33,000079,507.41,199.29,train_386
26,000079,484.92,701.44,train_386
8,000079,588.55,223.25,train_386
39,000079,183.17,176.48,train_386
42,000079,492.46,14.21,train_386
40,000079,239.22,18.88,train_386
27,000079,426.93,675.62,train_386
29,000079,470.83,235.38,train_386
44,000079,472.74,4.76,train_386
28,000079,338.6,686.5,train_386
43,000079,714.71,896.62,train_386
37,000080,448.66,103.56,train_386
42,000080,496.41,17.2,train_386
11,000080,590.49,142.57,train_386
9,000080,547.61,212.71,train_386
44,000080,475.68,5.73,train_386
8,000080,590.57,222.16,train_386
39,000080,191.14,171.15,train_386
29,000080,468.97,239.96,train_386
34,000080,487.17,185.56,train_386
40,000080,227.04,18.33,train_386
10,000080,564.39,139.83,train_386
30,000080,440.98,237.28,train_386
1,000080,191.48,218.49,train_386
3,000080,219.67,256.53,train_386
28,000080,335.74,701.44,train_386
4,000080,254.32,264.65,train_386
38,000080,512.92,163.27,train_386
2,000080,183.4,246.3,train_386
35,000080,270.8,140.25,train_386
26,000080,487.81,718.97,train_386
27,000080,417.57,686.52,train_386
36,000080,530.26,182.47,train_386
25,000080,420.12,21.51,train_386
33,000080,500.52,202.48,train_386
45,000080,4.57,338.71,train_386
43,000080,715.15,868.74,train_386
41,000080,217.68,16.08,train_386
44,000081,480.11,7.87,train_386
39,000081,197.68,164.07,train_386
43,000081,716.78,846.25,train_386
38,000081,505.74,164.71,train_386
35,000081,276.0,136.85,train_386
26,000081,495.58,736.7,train_386
8,000081,589.76,221.66,train_386
28,000081,331.07,716.95,train_386
2,000081,172.89,246.95,train_386
30,000081,439.5,242.69,train_386
9,000081,547.91,213.32,train_386
29,000081,468.85,247.36,train_386
46,000081,29.0,324.76,train_386
3,000081,219.96,256.56,train_386
11,000081,589.38,140.44,train_386
27,000081,413.69,699.3,train_386
10,000081,564.2,139.63,train_386
1,000081,179.22,222.38,train_386
45,000081,32.86,340.35,train_386
25,000081,420.83,21.77,train_386
33,000081,494.24,203.36,train_386
37,000081,446.06,109.61,train_386
4,000081,254.34,267.32,train_386
36,000081,522.88,183.47,train_386
40,000081,215.63,17.62,train_386
41,000081,208.55,14.7,train_386
42,000081,499.95,19.52,train_386
34,000081,483.72,189.16,train_386
40,000082,202.81,19.22,train_386
36,000082,518.15,185.85,train_386
3,000082,220.32,256.99,train_386
29,000082,470.23,255.46,train_386
27,000082,413.12,712.99,train_386
33,000082,491.92,206.64,train_386
30,000082,438.84,251.5,train_386
4,000082,254.83,265.75,train_386
41,000082,198.09,15.69,train_386
10,000082,564.1,139.53,train_386
45,000082,59.54,334.4,train_386
28,000082,324.04,730.9,train_386
39,000082,204.48,160.43,train_386
8,000082,591.17,220.76,train_386
25,000082,420.56,20.0,train_386
43,000082,717.63,817.14,train_386
2,000082,160.26,250.14,train_386
11,000082,588.79,139.65,train_386
46,000082,54.72,320.11,train_386
34,000082,477.31,191.26,train_386
26,000082,502.13,754.77,train_386
9,000082,545.88,214.28,train_386
44,000082,486.38,11.75,train_386
37,000082,445.32,112.06,train_386
42,000082,504.5,21.73,train_386
35,000082,279.91,133.88,train_386
38,000082,497.06,167.66,train_386
1,000082,165.11,225.97,train_386
42,000083,509.94,24.21,train_386
35,000083,284.63,130.38,train_386
10,000083,563.63,138.9,train_386
3,000083,218.83,255.81,train_386
46,000083,80.99,319.56,train_386
47,000083,716.26,151.83,train_386
34,000083,468.05,192.86,train_386
28,000083,314.15,741.4,train_386
26,000083,502.23,771.75,train_386
40,000083,190.86,18.3,train_386
2,000083,145.54,252.83,train_386
45,000083,87.37,332.14,train_386
29,000083,470.44,259.57,train_386
39,000083,208.6,154.25,train_386
33,000083,493.36,210.29,train_386
27,000083,418.37,731.08,train_386
30,000083,438.8,256.7,train_386
11,000083,588.82,138.95,train_386
36,000083,513.52,187.17,train_386
41,000083,187.39,13.37,train_386
9,000083,541.48,215.19,train_386
8,000083,589.25,221.7,train_386
4,000083,254.07,265.15,train_386
1,000083,148.98,227.9,train_386
44,000083,492.34,12.31,train_386
43,000083,716.48,793.24,train_386
38,000083,486.4,168.19,train_386
37,000083,441.69,114.87,train_386
25,000083,421.68,17.42,train_386
36,000084,510.39,188.06,train_386
39,000084,215.23,148.11,train_386
30,000084,437.07,263.3,train_386
44,000084,496.26,13.4,train_386
37,000084,434.82,120.39,train_386
28,000084,306.88,754.37,train_386
10,000084,562.82,138.13,train_386
45,000084,110.79,327.04,train_386
42,000084,515.08,24.86,train_386
3,000084,214.66,252.94,train_386
43,000084,709.24,771.11,train_386
9,000084,535.12,215.45,train_386
29,000084,469.06,266.02,train_386
26,000084,498.72,791.24,train_386
33,000084,496.92,215.24,train_386
8,000084,589.34,220.91,train_386
35,000084,288.84,126.96,train_386
1,000084,131.27,232.25,train_386
25,000084,424.77,16.11,train_386
47,000084,703.23,148.88,train_386
11,000084,588.03,140.25,train_386
2,000084,132.49,255.43,train_386
4,000084,253.68,264.54,train_386
41,000084,175.41,13.78,train_386
27,000084,421.07,746.52,train_386
40,000084,179.18,17.5,train_386
38,000084,476.99,168.01,train_386
34,000084,462.97,196.11,train_386
9,000085,529.89,216.5,train_386
33,000085,498.62,218.58,train_386
48,000085,503.16,1.33,train_386
38,000085,470.59,169.2,train_386
26,000085,496.36,807.87,train_386
34,000085,459.01,202.12,train_386
27,000085,417.96,761.6,train_386
10,000085,562.31,137.59,train_386
45,000085,135.65,322.17,train_386
41,000085,163.85,14.49,train_386
11,000085,587.49,140.83,train_386
3,000085,209.59,253.48,train_386
28,000085,302.43,768.91,train_386
8,000085,588.32,220.64,train_386
1,000085,114.28,233.29,train_386
35,000085,294.88,123.14,train_386
42,000085,519.43,28.39,train_386
37,000085,431.3,120.97,train_386
40,000085,167.26,18.13,train_386
44,000085,500.47,18.13,train_386
47,000085,690.73,143.23,train_386
39,000085,221.52,143.58,train_386
4,000085,253.75,264.78,train_386
43,000085,707.34,744.23,train_386
36,000085,505.87,189.99,train_386
30,000085,433.57,270.26,train_386
2,000085,118.05,257.41,train_386
25,000085,429.93,13.91,train_386
29,000085,466.08,272.33,train_386
48,000086,503.2,3.09,train_386
9,000086,525.72,217.5,train_386
2,000086,104.91,259.85,train_386
39,000086,229.58,138.84,train_386
33,000086,497.6,223.12,train_386
10,000086,561.85,136.91,train_386
47,000086,679.58,140.37,train_386
40,000086,156.17,15.71,train_386
42,000086,524.14,30.51,train_386
4,000086,253.29,264.3,train_386
31,000086,3.13,220.71,train_386
44,000086,503.59,19.09,train_386
26,000086,497.17,820.65,train_386
45,000086,161.79,323.33,train_386
36,000086,498.34,191.79,train_386
30,000086,432.18,275.66,train_386
3,000086,202.25,250.61,train_386
1,000086,99.6,236.57,train_386
29,000086,464.36,278.53,train_386
35,000086,302.47,121.64,train_386
43,000086,703.92,723.08,train_386
8,000086,584.44,219.97,train_386
38,000086,463.53,174.31,train_386
11,000086,587.86,139.89,train_386
34,000086,460.68,206.67,train_386
27,000086,410.28,778.93,train_386
28,000086,302.65,784.16,train_386
25,000086,434.66,11.8,train_386
37,000086,428.72,128.61,train_386
10,000087,561.96,138.65,train_386
25,000087,436.87,10.94,train_386
2,000087,88.67,260.45,train_386
44,000087,509.63,23.17,train_386
11,000087,587.32,140.37,train_386
47,000087,667.59,137.22,train_386
29,000087,463.54,288.24,train_386
35,000087,308.56,118.51,train_386
8,000087,578.11,223.17,train_386
1,000087,84.37,243.89,train_386
9,000087,522.19,219.55,train_386
40,000087,143.17,16.3,train_386
28,000087,304.12,799.39,train_386
43,000087,707.1,702.76,train_386
48,000087,503.55,5.06,train_386
33,000087,495.84,228.54,train_386
38,000087,455.85,179.11,train_386
45,000087,184.77,315.08,train_386
30,000087,433.78,284.72,train_386
27,000087,404.37,798.23,train_386
36,000087,490.85,193.42,train_386
26,000087,498.43,844.89,train_386
3,000087,199.82,250.53,train_386
34,000087,461.52,209.98,train_386
39,000087,235.17,135.46,train_386
42,000087,529.63,32.95,train_386
37,000087,427.25,131.95,train_386
4,000087,253.69,263.97,train_386
36,000088,484.22,194.86,train_386
3,000088,199.46,247.15,train_386
37,000088,423.67,136.13,train_386
43,000088,707.42,683.21,train_386
9,000088,521.22,219.9,train_386
4,000088,253.01,264.2,train_386
26,000088,501.88,863.68,train_386
49,000088,717.0,142.78,train_386
39,000088,239.51,130.94,train_386
45,000088,210.05,314.44,train_386
30,000088,436.27,292.03,train_386
38,000088,448.87,180.43,train_386
8,000088,573.86,224.36,train_386
2,000088,75.9,262.85,train_386
11,000088,587.58,139.68,train_386
48,000088,504.35,5.95,train_386
27,000088,400.15,813.98,train_386
44,000088,517.95,26.14,train_386
34,000088,461.5,214.38,train_386
10,000088,561.96,136.63,train_386
35,000088,314.67,114.25,train_386
25,000088,437.71,9.95,train_386
47,000088,656.38,130.52,train_386
42,000088,537.73,36.06,train_386
1,000088,66.65,247.6,train_386
33,000088,491.09,229.85,train_386
29,000088,465.15,294.12,train_386
28,000088,299.5,816.6,train_386
49,000089,707.34,139.41,train_386
36,000089,481.25,200.33,train_386
25,000089,438.05,7.81,train_386
44,000089,523.99,26.66,train_386
48,000089,503.97,7.72,train_386
10,000089,561.5,137.04,train_386
45,000089,232.6,308.77,train_386
42,000089,544.33,36.96,train_386
8,000089,570.45,226.7,train_386
27,000089,399.43,838.87,train_386
47,000089,643.39,128.53,train_386
26,000089,502.23,886.8,train_386
34,000089,460.91,219.69,train_386
11,000089,587.42,139.94,train_386
37,000089,416.28,140.11,train_386
35,000089,319.84,113.24,train_386
33,000089,489.42,232.58,train_386
29,000089,463.88,301.11,train_386
4,000089,251.74,263.25,train_386
30,000089,435.15,299.27,train_386
2,000089,61.4,270.06,train_386
38,000089,440.46,183.74,train_386
39,000089,245.09,124.33,train_386
3,000089,203.98,244.7,train_386
9,000089,518.12,222.3,train_386
28,000089,297.04,833.27,train_386
1,000089,49.83,251.82,train_386
43,000089,700.63,669.22,train_386
10,000090,561.89,137.66,train_386
27,000090,402.18,859.02,train_386
44,000090,529.4,31.03,train_386
39,000090,252.26,122.42,train_386
47,000090,629.49,125.55,train_386
2,000090,48.32,271.79,train_386
38,000090,430.39,187.19,train_386
48,000090,503.15,9.31,train_386
43,000090,693.61,645.59,train_386
9,000090,510.84,224.05,train_386
1,000090,32.61,255.5,train_386
36,000090,478.22,203.38,train_386
34,000090,459.97,222.52,train_386
11,000090,587.14,138.93,train_386
30,000090,433.58,309.57,train_386
26,000090,499.81,910.58,train_386
4,000090,250.73,261.84,train_386
29,000090,459.48,310.6,train_386
25,000090,439.54,5.99,train_386
3,000090,211.27,244.21,train_386
33,000090,489.87,237.2,train_386
37,000090,412.53,142.87,train_386
28,000090,290.51,854.2,train_386
42,000090,550.01,41.74,train_386
45,000090,252.34,303.24,train_386
35,000090,325.59,109.53,train_386
49,000090,695.28,138.02,train_386
8,000090,566.84,228.12,train_386
2,000091,36.66,276.45,train_386
52,000091,713.46,183.43,train_386
51,000091,716.46,88.87,train_386
49,000091,683.83,131.7,train_386
44,000091,534.01,34.98,train_386
47,000091,618.31,119.7,train_386
26,000091,492.74,936.33,train_386
28,000091,279.41,871.71,train_386
35,000091,331.75,107.23,train_386
39,000091,260.88,118.86,train_386
29,000091,456.95,317.26,train_386
45,000091,275.36,302.83,train_386
3,000091,216.06,243.82,train_386
43,000091,687.16,625.2,train_386
36,000091,474.87,206.42,train_386
1,000091,16.98,258.17,train_386
11,000091,587.04,138.39,train_386
4,000091,250.54,261.44,train_386
48,000091,502.59,9.68,train_386
27,000091,402.58,879.23,train_386
25,000091,443.98,6.65,train_386
46,000091,263.14,297.08,train_386
33,000091,492.29,242.51,train_386
50,000091,220.75,2.3,train_386
9,000091,502.2,226.98,train_386
30,000091,432.3,315.87,train_386
10,000091,561.7,136.78,train_386
38,000091,424.64,189.2,train_386
37,000091,411.93,149.9,train_386
42,000091,555.94,44.57,train_386
34,000091,459.27,227.85,train_386
8,000091,560.95,230.54,train_386
45,000092,295.35,295.32,train_386
11,000092,587.51,136.97,train_386
26,000092,488.65,959.18,train_386
47,000092,607.34,117.95,train_386
51,000092,710.9,85.42,train_386
50,000092,218.03,5.05,train_386
52,000092,702.64,178.35,train_386
36,000092,470.33,209.73,train_386
44,000092,539.99,35.99,train_386
39,000092,268.11,112.97,train_386
30,000092,432.73,326.38,train_386
28,000092,274.03,889.67,train_386
37,000092,413.37,153.75,train_386
43,000092,680.86,610.43,train_386
35,000092,341.09,106.71,train_386
8,000092,553.02,231.97,train_386
46,000092,280.23,287.12,train_386
3,000092,215.52,242.82,train_386
34,000092,460.59,233.45,train_386
29,000092,458.16,326.32,train_386
33,000092,495.32,246.91,train_386
1,000092,2.9,264.81,train_386
2,000092,24.37,282.17,train_386
42,000092,562.91,47.39,train_386
49,000092,671.68,127.68,train_386
4,000092,250.61,260.58,train_386
9,000092,496.23,225.79,train_386
27,000092,400.17,900.6,train_386
38,000092,421.35,195.33,train_386
25,000092,450.44,3.93,train_386
10,000092,561.25,137.38,train_386
48,000092,503.49,12.13,train_386
9,000093,491.4,228.12,train_386
35,000093,349.21,103.93,train_386
3,000093,209.14,234.5,train_386
37,000093,410.86,159.86,train_386
33,000093,496.71,250.8,train_386
29,000093,461.47,335.77,train_386
25,000093,455.08,3.83,train_386
34,000093,463.4,237.03,train_386
10,000093,561.84,137.12,train_386
49,000093,658.28,126.48,train_386
38,000093,418.64,199.88,train_386
2,000093,11.15,282.6,train_386
4,000093,253.26,260.87,train_386
44,000093,548.58,39.35,train_386
48,000093,505.21,13.58,train_386
47,000093,597.31,112.91,train_386
50,000093,215.16,5.43,train_386
46,000093,299.39,285.57,train_386
39,000093,275.3,110.06,train_386
30,000093,434.99,333.72,train_386
8,000093,544.05,231.86,train_386
28,000093,269.95,912.37,train_386
45,000093,314.69,292.18,train_386
36,000093,463.96,212.49,train_386
51,000093,708.52,80.24,train_386
52,000093,693.15,175.25,train_386
11,000093,587.04,136.79,train_386
27,000093,388.56,922.45,train_386
26,000093,487.81,987.52,train_386
43,000093,674.95,591.17,train_386
42,000093,571.77,49.65,train_386
44,000094,558.1,42.63,train_386
45,000094,330.13,286.35,train_386
48,000094,506.77,14.78,train_386
33,000094,497.1,256.65,train_386
50,000094,213.17,9.13,train_386
26,000094,489.36,1016.09,train_386
51,000094,706.86,78.17,train_386
37,000094,405.82,163.34,train_386
42,000094,578.94,50.16,train_386
35,000094,356.22,100.67,train_386
38,000094,415.55,204.43,train_386
47,000094,586.74,108.53,train_386
46,000094,316.55,279.68,train_386
28,000094,265.27,932.91,train_386
52,000094,683.5,176.76,train_386
43,000094,666.92,577.37,train_386
11,000094,588.09,136.5,train_386
4,000094,257.22,255.36,train_386
27,000094,377.82,945.91,train_386
36,000094,459.76,215.24,train_386
9,000094,487.02,230.71,train_386
29,000094,461.38,341.61,train_386
39,000094,283.8,105.93,train_386
3,000094,204.02,232.98,train_386
10,000094,561.19,136.66,train_386
34,000094,461.51,244.63,train_386
30,000094,435.93,340.06,train_386
8,000094,539.49,232.05,train_386
49,000094,645.34,123.1,train_386
25,000094,457.46,2.31,train_386
30,000095,433.47,350.22,train_386
35,000095,361.53,98.93,train_386
39,000095,291.3,101.89,train_386
27,000095,375.13,965.59,train_386
43,000095,654.73,562.48,train_386
4,000095,259.28,248.64,train_386
11,000095,587.92,136.24,train_386
45,000095,341.9,276.25,train_386
44,000095,565.03,43.89,train_386
49,000095,634.75,118.7,train_386
34,000095,458.13,250.71,train_386
29,000095,462.43,354.06,train_386
3,000095,199.32,227.25,train_386
37,000095,400.7,167.69,train_386
50,000095,211.98,11.04,train_386
33,000095,493.32,258.22,train_386
52,000095,676.16,174.06,train_386
28,000095,260.93,954.53,train_386
8,000095,535.03,233.78,train_386
10,000095,561.98,135.92,train_386
38,000095,410.21,211.28,train_386
47,000095,574.42,107.34,train_386
25,000095,458.39,0.9,train_386
48,000095,507.4,16.71,train_386
46,000095,332.16,273.76,train_386
51,000095,707.62,75.52,train_386
26,000095,488.45,1045.73,train_386
42,000095,585.63,53.91,train_386
36,000095,455.66,218.71,train_386
9,000095,485.05,232.93,train_386
4,000096,258.97,244.85,train_386
27,000096,376.22,996.04,train_386
33,000096,492.35,261.21,train_386
34,000096,454.41,254.82,train_386
51,000096,707.8,71.83,train_386
48,000096,508.06,17.61,train_386
45,000096,360.46,277.35,train_386
50,000096,210.17,11.8,train_386
10,000096,562.14,135.66,train_386
11,000096,586.78,136.41,train_386
9,000096,483.18,235.07,train_386
8,000096,534.89,234.35,train_386
42,000096,592.57,55.88,train_386
39,000096,299.5,100.74,train_386
26,000096,487.88,1076.54,train_386
35,000096,366.12,95.71,train_386
47,000096,562.27,99.88,train_386
36,000096,451.84,221.2,train_386
53,000096,716.31,183.67,train_386
52,000096,671.12,171.69,train_386
44,000096,570.87,49.52,train_386
28,000096,257.24,982.74,train_386
43,000096,644.62,544.3,train_386
29,000096,460.67,361.54,train_386
3,000096,198.44,223.37,train_386
37,000096,399.7,175.01,train_386
49,000096,623.67,116.58,train_386
30,000096,433.56,357.54,train_386
46,000096,347.65,268.53,train_386
38,000096,404.93,216.03,train_386
27,000097,377.66,1022.44,train_386
42,000097,601.17,59.38,train_386
49,000097,612.0,112.55,train_386
8,000097,532.85,238.66,train_386
34,000097,453.27,261.65,train_386
26,000097,478.85,1105.49,train_386
44,000097,576.55,50.31,train_386
9,000097,480.15,236.78,train_386
51,000097,707.22,69.8,train_386
37,000097,396.78,178.94,train_386
35,000097,371.6,93.78,train_386
10,000097,560.93,135.24,train_386
46,000097,362.41,265.14,train_386
39,000097,308.23,95.86,train_386
11,000097,586.34,136.8,train_386
29,000097,460.87,369.55,train_386
52,000097,668.47,171.59,train_386
47,000097,551.62,101.8,train_386
4,000097,255.52,246.34,train_386
48,000097,508.65,18.25,train_386
50,000097,205.42,16.93,train_386
45,000097,374.29,269.88,train_386
28,000097,249.71,1014.43,train_386
30,000097,431.17,367.0,train_386
36,000097,448.87,224.98,train_386
43,000097,637.36,530.99,train_386
33,000097,492.85,269.85,train_386
3,000097,199.21,220.37,train_386
38,000097,403.26,217.74,train_386
53,000097,706.01,181.75,train_386
30,000098,432.08,377.8,train_386
28,000098,245.45,1038.55,train_386
33,000098,498.69,277.52,train_386
38,000098,402.96,223.46,train_386
48,000098,509.88,21.16,train_386
37,000098,390.76,185.0,train_386
4,000098,251.43,238.76,train_386
10,000098,561.59,135.71,train_386
50,000098,200.68,18.59,train_386
49,000098,600.77,109.66,train_386
27,000098,372.15,1055.04,train_386
46,000098,379.3,264.88,train_386
11,000098,586.42,137.2,train_386
9,000098,476.34,238.04,train_386
36,000098,442.49,227.65,train_386
29,000098,461.88,382.34,train_386
43,000098,635.73,516.13,train_386
39,000098,316.2,93.86,train_386
52,000098,667.24,170.99,train_386
51,000098,705.56,67.84,train_386
3,000098,202.34,216.36,train_386
8,000098,530.73,240.23,train_386
34,000098,455.28,270.17,train_386
47,000098,538.55,100.39,train_386
45,000098,386.33,266.42,train_386
35,000098,378.39,92.13,train_386
53,000098,697.73,181.97,train_386
44,000098,583.86,53.15,train_386
38,000099,401.85,228.68,train_386
11,000099,586.03,137.34,train_386
33,000099,502.6,283.16,train_386
44,000099,593.03,58.1,train_386
28,000099,242.79,1070.72,train_386
47,000099,526.71,97.35,train_386
52,000099,662.62,168.98,train_386
9,000099,472.92,239.16,train_386
35,000099,384.47,87.37,train_386
37,000099,382.15,190.83,train_386
51,000099,704.77,64.35,train_386
54,000099,716.2,34.79,train_386
50,000099,198.45,19.06,train_386
8,000099,526.58,243.08,train_386
27,000099,359.06,1089.35,train_386
39,000099,322.45,90.84,train_386
36,000099,433.27,228.55,train_386
48,000099,511.96,22.14,train_386
49,000099,588.13,109.18,train_386
29,000099,462.87,391.12,train_386
30,000099,431.57,385.58,train_386
10,000099,561.36,135.96,train_386
53,000099,682.98,184.88,train_386
43,000099,630.76,502.39,train_386
4,000099,250.99,234.15,train_386
34,000099,458.09,275.27,train_386
45,000099,398.85,262.76,train_386
3,000099,204.32,210.23,train_386
49,000100,573.81,106.25,train_386
52,000100,659.5,167.51,train_386
11,000100,586.5,137.57,train_386
4,000100,254.74,232.0,train_386
39,000100,329.63,86.62,train_386
47,000100,515.8,93.81,train_386
38,000100,399.39,235.5,train_386
44,000100,601.9,60.27,train_386
10,000100,560.93,136.46,train_386
50,000100,196.61,23.33,train_386
42,000100,625.16,70.74,train_386
30,000100,428.72,396.66,train_386
45,000100,413.11,258.35,train_386
35,000100,389.0,84.98,train_386
28,000100,240.8,1104.13,train_386
53,000100,671.85,185.47,train_386
54,000100,712.73,32.26,train_386
3,000100,203.2,207.93,train_386
51,000100,704.4,60.94,train_386
27,000100,352.57,1116.06,train_386
9,000100,468.61,237.91,train_386
34,000100,456.72,281.65,train_386
48,000100,513.48,23.51,train_386
33,000100,500.84,289.36,train_386
8,000100,521.71,245.69,train_386
37,000100,373.83,192.7,train_386
29,000100,460.8,402.93,train_386
43,000100,626.25,492.45,train_386
36,000100,425.79,229.92,train_386
